time;osc_out;lvdt_outp;lvdt_outn;probe_position;U_topDesign.soutput_fx;U_topDesign.detect_p;U_topDesign.detect_n;U_topDesign.pga_out_p;U_topDesign.pga_out_n;U_topDesign.adc_out_p;U_topDesign.adc_out_n
0;0;0;0;0;0;0;0;0;0;0;0
1.19209e-07;0.364121124438;0.361954160418;-0.361960938184;1.87253059277e-05;0;2.03425449803e-05;0.0026913100913;6.76867525037e-05;0.00270207113884;0;0
2.38418e-07;0.549114671567;0.544246145289;-0.544266588099;3.74506118292e-05;0;5.30774898769e-05;0.00605270157201;8.32254229312e-05;0.00606396132277;0;0
3.57627e-07;0.496353600022;0.488405852023;-0.488433470485;5.61759176781e-05;0;0.000112248544394;0.00986082082261;0.000138584069731;0.00995775919979;0;0
4.76836e-07;0.488886165659;0.478050306956;-0.478086469891;7.49012234482e-05;0;0.000198326559271;0.0133935629412;0.000218182834711;0.0135591244294;0;0
5.96045e-07;0.510858129064;0.497112955514;-0.49716008234;9.36265291133e-05;0;0.000310054681237;0.0169324132228;0.000312835679372;0.0171445441531;0;0
7.15254e-07;0.493672958414;0.477019649472;-0.477074108446;0.000112351834647;0;0.000447307961702;0.0204411457988;0.000486207773402;0.020763939108;0;0
8.34463e-07;0.502408464835;0.482889530497;-0.482954024366;0.000131077140023;0;0.000609552010339;0.0238708234947;0.000656678577628;0.0242669910263;0;0
9.53672e-07;0.499723136112;0.477338072785;-0.477411161953;0.000149802445216;0;0.000796012659853;0.0272760965719;0.000821426471118;0.027717522919;0;0
1.072881e-06;0.499541417042;0.474315397062;-0.474397351153;0.000168527750198;0;0.00100625357104;0.0306240136114;0.00105070382303;0.0311495140547;0;0
1.19209e-06;0.500484905778;0.472432711979;-0.472523681304;0.000187253054944;0;0.0012397893476;0.0339287603005;0.00128719122951;0.0345202552181;0;0
1.311299e-06;0.499706435114;0.468844361987;-0.468943974878;0.000205978359427;0;0.00149608131916;0.0371885121773;0.00155163556292;0.037850526853;0;0
1.430508e-06;0.500117260781;0.46646305268;-0.46657149482;0.000224703663621;0;0.00177457850352;0.0404017047197;0.00182387959658;0.0411179468794;0;0
1.549717e-06;0.499982296528;0.463551770988;-0.46366887312;0.0002434289675;0;0.00207474382835;0.0435711771856;0.00212185439629;0.0443446437372;0;0
1.668926e-06;0.499981395376;0.460791431605;-0.460917171922;0.000262154271038;0;0.00239614636944;0.046695901974;0.00245517899785;0.0475392283874;0;0
1.788135e-06;0.50002156025;0.45808844599;-0.458222784969;0.000280879574208;0;0.00273838568332;0.0497770781667;0.00282197602504;0.0507016606022;0;0
1.907344e-06;0.499986426518;0.455326451521;-0.455469316724;0.000299604876984;0;0.00310096299107;0.0528150057033;0.00319366596283;0.0538040479339;0;0
2.026553e-06;0.500005672689;0.4526350845;-0.452786441549;0.00031833017934;0;0.00348336043748;0.0558100064684;0.00358731606781;0.0568644226743;0;0
2.145762e-06;0.499998960306;0.449933833547;-0.450093623631;0.00033705548125;0;0.00388507115466;0.0587625869946;0.00398816228501;0.0598689482655;0;0
2.264971e-06;0.499999261472;0.44725562652;-0.447423802101;0.000355780782687;0;0.00430550627099;0.0616729832543;0.00438372119565;0.0628060873166;0;0
2.38418e-06;0.500000954143;0.444594723167;-0.444771234601;0.000374506083624;0;0.00474440975002;0.0645418562721;0.0048733430985;0.0657760279845;0;0
2.503389e-06;0.499999374568;0.441946370428;-0.4421311673;0.000393231384037;0;0.00520129624417;0.0673695884495;0.00530507331276;0.0686277888096;0;0
2.622598e-06;0.500000272848;0.439316226509;-0.439509260196;0.000411956683898;0;0.00567558185465;0.0701564573927;0.00578174005166;0.0714650000673;0;0
2.741807e-06;0.49999994199;0.436700487398;-0.436901708799;0.000430681983181;0;0.00616705546708;0.0729031108198;0.00631308129338;0.0742983426095;0;0
2.861016e-06;0.49999997153;0.434100652355;-0.43431001262;0.00044940728186;0;0.00667523165673;0.0756099039963;0.0068131509891;0.0770426705453;0;0
2.980225e-06;0.500000042012;0.431516308116;-0.431733759238;0.000468132579909;0;0.00719955237138;0.0782771142481;0.00733435516353;0.0797512921776;0;0
3.099434e-06;0.49999997128;0.428947181354;-0.429172674844;0.000486857877301;0;0.00773979616994;0.0809053436397;0.00792060830226;0.0824689187438;0;0
3.218643e-06;0.500000013055;0.426393434224;-0.426626922685;0.00050558317401;0;0.00829547755053;0.0834949205751;0.0084590024837;0.0850835106687;0;0
3.337852e-06;0.499999996873;0.423854805748;-0.424096241296;0.00052430847001;0;0.00886605507121;0.086046108061;0.00903010822282;0.0876764261407;0;0
3.457061e-06;0.499999998948;0.421331281705;-0.421580617463;0.000543033765275;0;0.00945123097432;0.0885594027701;0.00962784822437;0.0902424273169;0;0
3.57627e-06;0.50000000184;0.418822755294;-0.419079943972;0.000561759059779;0;0.0100506432126;0.0910352277457;0.0102376871426;0.0927677546547;0;0
3.695479e-06;0.499999998686;0.416329130204;-0.416594125472;0.000580484353494;0;0.0106640115191;0.0934740782623;0.0108924662803;0.0952860627513;0;0
3.814688e-06;0.500000000622;0.413850329323;-0.414123084449;0.000599209646395;0;0.011290864611;0.0958762492383;0.0115089778513;0.0977149063824;0;0
3.933897e-06;0.499999999836;0.411386256425;-0.411666725634;0.000617934938456;0;0.0119308754132;0.0982421705557;0.0121969487717;0.100164801525;0;0
4.053106e-06;0.499999999964;0.408936827952;-0.40922496506;0.00063666022965;0;0.0125836488832;0.100572194957;0.0128398150487;0.102519932556;0;0
4.172315e-06;0.50000000008;0.406501955612;-0.406797715391;0.000655385519951;0;0.0132486560946;0.102866532252;0.0135002478672;0.10484373714;0;0
4.291524e-06;0.49999999994;0.404081552999;-0.404384889808;0.000674110809333;0;0.0139256540029;0.105125669168;0.0141995290233;0.107158230521;0;0
4.410733e-06;0.500000000029;0.401675534266;-0.401986403417;0.000692836097769;0;0.0146143725341;0.107350056537;0.0149097175544;0.109436217;0;0
4.529942e-06;0.499999999992;0.399283813919;-0.399602170308;0.000711561385234;0;0.0153143455879;0.109539940398;0.0155993938581;0.111646995109;0;0
4.649151e-06;0.499999999999;0.396906306817;-0.39723210629;0.000730286671701;0;0.0160251877573;0.111695638807;0.0163157816184;0.113838513658;0;0
4.76836e-06;0.500000000003;0.394542928788;-0.394876126771;0.000749011957143;0;0.0167467420285;0.113817689632;0.0170782053606;0.116030799707;0;0
4.887569e-06;0.499999999997;0.392193595517;-0.392534148383;0.000767737241535;0;0.0174786805873;0.115906451454;0.0178212000105;0.118159094162;0;0
5.006778e-06;0.500000000001;0.389858223903;-0.390206087603;0.00078646252485;0;0.0182206589721;0.117962257807;0.0185952907004;0.120274608994;0;0
5.125987e-06;0.5;0.387536730617;-0.387891862044;0.000805187807063;0;0.0189722513036;0.119985352505;0.0193320032983;0.122309557669;0;0
5.245196e-06;0.5;0.385229033534;-0.385591389157;0.000823913088145;0;0.0197332214393;0.12197616088;0.0201409907012;0.124374264218;0;0
5.364405e-06;0.5;0.382935050322;-0.38330458755;0.000842638368073;0;0.0205032314741;0.123934998375;0.0208968438727;0.126343989527;0;0
5.483614e-06;0.5;0.380654699825;-0.381031375637;0.000861363646818;0;0.0212818797597;0.125862108652;0.0216895079288;0.128309334248;0;0
5.602823e-06;0.5;0.378387900687;-0.378771673001;0.000880088924355;0;0.0220689505569;0.12775791333;0.0224894571622;0.13024142547;0;0
5.722032e-06;0.5;0.376134572715;-0.376525399018;0.000898814200658;0;0.0228642367044;0.129622834737;0.0233230966415;0.132167308362;0;0
5.841241e-06;0.5;0.373894635514;-0.374292474225;0.0009175394757;0;0.0236674407017;0.131457197088;0.0241409096499;0.134038102459;0;0
5.96045e-06;0.5;0.371668009847;-0.372072818952;0.000936264749456;0;0.0244781674556;0.133261219305;0.0249574743426;0.135869010747;0;0
6.079659e-06;0.5;0.369454616266;-0.369866354681;0.000954990021898;0;0.0252961285224;0.13503521935;0.0257873423758;0.137675205041;0;0
6.198868e-06;0.5;0.367254376476;-0.367673002682;0.000973715293001;0;0.0261210680635;0.136779540262;0.0266249803971;0.139451761774;0;0
6.318077e-06;0.5;0.365067211968;-0.365492685372;0.000992440562738;0;0.0269527217375;0.138494509129;0.0274711725044;0.141200069588;0;0
6.437286e-06;0.5;0.362893045379;-0.363325324948;0.00101116583108;0;0.027790804289;0.140180424761;0.0283177826508;0.142912587409;0;0
6.556495e-06;0.5;0.360731799125;-0.361170844752;0.00102989109801;0;0.0286351941827;0.141837742402;0.0292151190752;0.144640212787;0;0
6.675704e-06;0.5;0.358583396764;-0.3590291679;0.00104861636349;0;0.0294855903536;0.143466730561;0.030068595661;0.146288940065;0;0
6.794913e-06;0.5;0.356447761629;-0.356900218645;0.0010673416275;0;0.0303415982716;0.145067557159;0.0309333470665;0.14791447839;0;0
6.914122e-06;0.5;0.354324818188;-0.35478392101;0.00108606689002;0;0.0312029452471;0.146640504903;0.031792814645;0.14950083525;0;0
7.033331e-06;0.5;0.352214490676;-0.352680200149;0.00110479215101;0;0.0320694276168;0.148185918561;0.032678741282;0.151080313571;0;0
7.15254e-06;0.5;0.350116704461;-0.350588980983;0.00112351741045;0;0.0329409599329;0.149704254218;0.0335943764404;0.152656714928;0;0
7.271749e-06;0.5;0.348031384673;-0.348510189557;0.00114224266832;0;0.033817256735;0.151195761127;0.0344807112547;0.154171576436;0;0
7.390958e-06;0.5;0.345958457567;-0.346443751676;0.00116096792458;0;0.03469805683;0.152660706068;0.0353942597916;0.155681950507;0;0
7.510167e-06;0.5;0.343897849157;-0.344389594266;0.00117969317922;0;0.03558311895;0.154099369073;0.0362896083126;0.157142955605;0;0
7.629376e-06;0.5;0.341849486576;-0.342347644007;0.0011984184322;0;0.0364720896962;0.155511911447;0.037174075354;0.158562435179;0;0
7.748585e-06;0.5;0.33981329671;-0.340317828697;0.0012171436835;0;0.037364775683;0.156898647987;0.0380834775816;0.159976724599;0;0
7.867794e-06;0.5;0.33778920756;-0.338300075879;0.00123586893309;0;0.03826110646;0.158260009968;0.0390189068984;0.161387427502;0;0
7.987003e-06;0.5;0.335777146874;-0.336294314209;0.00125459418095;0;0.0391608803739;0.159596291087;0.0399422363692;0.162756922555;0;0
8.106212e-06;0.5;0.333777043512;-0.334300472088;0.00127331942705;0;0.0400637559351;0.16090763889;0.0408469504735;0.164079193076;0;0
8.225421e-06;0.5;0.331788826072;-0.33231847902;0.00129204467137;0;0.0409696248644;0.162194427895;0.0418011067579;0.165422789304;0;0
8.34463e-06;0.5;0.329812424261;-0.33034826425;0.00131076991387;0;0.041878261459;0.163456909026;0.0427118984504;0.166695390729;0;0
8.463839e-06;0.5;0.327847767521;-0.328389758122;0.00132949515453;0;0.042789385688;0.164695272774;0.0436439847591;0.167962136702;0;0
8.583048e-06;0.5;0.325894786394;-0.326442890716;0.00134822039333;0;0.0437027681228;0.165909754197;0.0445533467044;0.169179482114;0;0
8.702257e-06;0.5;0.323953411155;-0.324507593204;0.00136694563024;0;0.0446182745263;0.167100677576;0.0455031382148;0.170411048769;0;0
8.821466e-06;0.5;0.322023573174;-0.32258379649;0.00138567086523;0;0.0455357381588;0.168268328789;0.0464281427082;0.171592081878;0;0
8.940675e-06;0.5;0.320105203548;-0.320671432568;0.00140439609828;0;0.0464549690832;0.169412964678;0.0473776538571;0.172772331;0;0
9.059884e-06;0.5;0.318198234462;-0.318770433156;0.00142312132936;0;0.0473757637968;0.170534822748;0.048303665024;0.173904239456;0;0
9.179093e-06;0.5;0.316302597827;-0.316880731057;0.00144184655844;0;0.0482979411764;0.171634157178;0.0492529189776;0.175034994177;0;0
9.298302e-06;0.5;0.314418226637;-0.315002258794;0.0014605717855;0;0.0492213022494;0.172711198651;0.0501784987373;0.176118116569;0;0
9.417511e-06;0.5;0.312545053604;-0.313134949972;0.00147929701051;0;0.0501456845484;0.173766208776;0.0511301057007;0.177203740728;0;0
9.53672e-06;0.5;0.310683012521;-0.31127873791;0.00149802223345;0;0.0510710162887;0.174799534328;0.0520880945117;0.178272648352;0;0
9.655929e-06;0.5;0.308832036892;-0.309433557;0.00151674745428;0;0.0519970375741;0.17581132851;0.0530169760159;0.179289771837;0;0
9.775138e-06;0.5;0.306992061301;-0.30759934135;0.00153547267299;0;0.0529236586781;0.176801909302;0.0539930926339;0.180331869525;0;0
9.894347e-06;0.5;0.305163020034;-0.305776026134;0.00155419788954;0;0.05385075514;0.177771554614;0.0549392977391;0.181322205416;0;0
1.0013556e-05;0.5;0.303344848454;-0.303963546235;0.00157292310392;0;0.054777982495;0.178720317075;0.0558614504348;0.182267043765;0;0
1.0132765e-05;0.5;0.301537481624;-0.302161837601;0.00159164831609;0;0.0557052132984;0.179648461121;0.0568125476366;0.183219781311;0;0
1.0251974e-05;0.5;0.299740855675;-0.300370835881;0.00161037352602;0;0.0566323121038;0.180556238026;0.0577431092687;0.18413133259;0;0
1.0371183e-05;0.5;0.297954906435;-0.298590477786;0.0016290987337;0;0.0575591641885;0.181443914689;0.0587009494352;0.185049901064;0;0
1.0490392e-05;0.5;0.296179570797;-0.296820699726;0.00164782393909;0;0.0584857681232;0.18231186626;0.0596744546702;0.185964257507;0;0
1.0609601e-05;0.5;0.294414785347;-0.295061439164;0.00166654914217;0;0.0594118431498;0.183160183575;0.0605963074296;0.186807463585;0;0
1.072881e-05;0.5;0.292660487727;-0.293312633258;0.00168527434292;0;0.0603370729144;0.183988916946;0.061514178221;0.187627563888;0;0
1.0848019e-05;0.5;0.29091661527;-0.29157422022;0.0017039995413;0;0.0612613985382;0.184798369284;0.0624558031585;0.188452663667;0;0
1.0967228e-05;0.5;0.289183106364;-0.289846137946;0.00172272473729;0;0.0621847513875;0.185588828931;0.0633934533129;0.189255398245;0;0
1.1086437e-05;0.5;0.28745989908;-0.288128325384;0.00174144993086;0;0.0631069943803;0.186360511013;0.0643316730709;0.190040671382;0;0
1.1205646e-05;0.5;0.285746932538;-0.286420721164;0.00176017512199;0;0.0640281309387;0.18711376645;0.0653040896194;0.190842464807;0;0
1.1324855e-05;0.5;0.284044145541;-0.28472326496;0.00177890031066;0;0.0649480485311;0.187848825556;0.0662488307943;0.191599256224;0;0
1.1444064e-05;0.5;0.282351477933;-0.283035896125;0.00179762549682;0;0.0658665625045;0.188565841914;0.0671991704646;0.192344664597;0;0
1.1563273e-05;0.5;0.280668869238;-0.281358555052;0.00181635068047;0;0.0667833639374;0.189264840293;0.0680909212308;0.193014843055;0;0
1.1682482e-05;0.5;0.278996260019;-0.27969118181;0.00183507586157;0;0.0676983895856;0.189946086636;0.0690462605186;0.193732304816;0;0
1.1801691e-05;0.5;0.27733359051;-0.278033717501;0.0018538010401;0;0.0686117018126;0.190609968046;0.0699922766041;0.19442446956;0;0
1.19209e-05;0.5;0.275680801984;-0.2763861029;0.00187252621602;0;0.0695230522915;0.191256556538;0.0709067533392;0.19506944802;0;0
1.2040109e-05;0.5;0.27403783538;-0.274748279813;0.00189125138932;0;0.0704323354281;0.191886062513;0.0718471313648;0.195725003217;0;0
1.2159318e-05;0.5;0.272404632669;-0.27312018971;0.00190997655997;0;0.0713393821752;0.192498628619;0.0727450278504;0.196323070414;0;0
1.2278527e-05;0.5;0.270781135486;-0.271501775092;0.00192870172793;0;0.0722441536937;0.193094523466;0.0736948945758;0.196958415023;0;0
1.2397736e-05;0.5;0.269167286495;-0.269892978119;0.0019474268932;0;0.0731466260972;0.193674026414;0.0746177253727;0.19755234036;0;0
1.2516945e-05;0.5;0.267563028018;-0.268293741976;0.00196615205573;0;0.0740465521457;0.19423718932;0.0755204763952;0.198112107756;0;0
1.2636154e-05;0.5;0.265968303401;-0.266704009507;0.0019848772155;0;0.0749437392629;0.194784114598;0.0764110025034;0.198645873064;0;0
1.2755363e-05;0.5;0.264383055648;-0.265123724572;0.00200360237249;0;0.0758381765816;0.195315082315;0.0773313631629;0.199195992571;0;0
1.2874572e-05;0.5;0.26280722878;-0.263552830688;0.00202232752667;0;0.0767299622174;0.19583047751;0.0782741650306;0.199755365706;0;0
1.2993781e-05;0.5;0.261240766471;-0.261991272386;0.00204105267801;0;0.0776188610516;0.196330348024;0.0791539830644;0.200238856216;0;0
1.311299e-05;0.5;0.259683613409;-0.260438993847;0.00205977782649;0;0.0785047406172;0.196814840429;0.0800725070861;0.200748438563;0;0
1.3232199e-05;0.5;0.258135713933;-0.258895940264;0.00207850297208;0;0.0793876403151;0.197284269293;0.0809873712568;0.201242027712;0;0
1.3351408e-05;0.5;0.256597013391;-0.257362056476;0.00209722811476;0;0.0802673705888;0.197738716397;0.0818722021864;0.201693527158;0;0
1.3470617e-05;0.5;0.255067456776;-0.255837288328;0.0021159532545;0;0.0811438284712;0.198178346326;0.082772867321;0.202149077312;0;0
1.3589826e-05;0.5;0.253546990087;-0.25432158131;0.00213467839126;0;0.0820169918142;0.198603400746;0.0836707914804;0.202590372194;0;0
1.3709035e-05;0.5;0.252035558967;-0.252814881912;0.00215340352504;0;0.0828865719036;0.199013851057;0.0845084239235;0.202960126523;0;0
1.3828244e-05;0.5;0.250533110058;-0.251317136265;0.00217212865579;0;0.0837526308421;0.19941001582;0.0854312028723;0.203404040086;0;0
1.3947453e-05;0.5;0.249039589643;-0.249828291499;0.0021908537835;0;0.0846152323023;0.199792211558;0.0863122581082;0.203795500767;0;0
1.4066662e-05;0.5;0.247554945;-0.248348294379;0.00220957890813;0;0.0854741052463;0.20016041651;0.0871700083045;0.20415318158;0;0
1.4185871e-05;0.5;0.246079123045;-0.246877092665;0.00222830402966;0;0.0863291528009;0.200514779553;0.0880351690114;0.204508048808;0;0
1.430508e-05;0.5;0.244612071685;-0.245414633749;0.00224702914807;0;0.0871804105017;0.200855578482;0.0889166031081;0.204869212518;0;0
1.4424289e-05;0.5;0.24315373846;-0.243960866013;0.00226575426333;0;0.0880278906891;0.201183064455;0.0897997847617;0.205222390571;0;0
1.4543498e-05;0.5;0.241704071899;-0.24251573747;0.00228447937541;0;0.0888713209253;0.201497200441;0.0906187482217;0.205501857477;0;0
1.4662707e-05;0.5;0.240263020161;-0.241079197118;0.00230320448429;0;0.0897105986907;0.201798115963;0.0914766953071;0.20581105174;0;0
1.4781916e-05;0.5;0.238830532387;-0.23965119358;0.00232192958993;0;0.0905459001133;0.202086215864;0.0923594061186;0.206135986848;0;0
1.4901125e-05;0.5;0.237406557346;-0.238231676464;0.00234065469232;0;0.0913770376563;0.202361538032;0.0931793251806;0.206389337417;0;0
1.5020334e-05;0.5;0.235991044788;-0.236820594998;0.00235937979142;0;0.0922038144267;0.202624107752;0.0940094602622;0.206644337863;0;0
1.5139543e-05;0.5;0.234583944083;-0.235417899389;0.00237810488722;0;0.0930263881264;0.20287430169;0.0948826253657;0.20693402559;0;0
1.5258752e-05;0.5;0.233185205582;-0.234023539465;0.00239682997968;0;0.0938447698234;0.203112346706;0.0957297917482;0.2071895921;0;0
1.5377961e-05;0.5;0.23179477925;-0.232637466026;0.00241555506878;0;0.0946586799643;0.203338175902;0.0965309892938;0.207391284285;0;0
1.549717e-05;0.5;0.230412616029;-0.231259629491;0.00243428015449;0;0.0954681185402;0.203551998825;0.097379416267;0.207632514163;0;0
1.5616379e-05;0.5;0.229038666475;-0.229889981247;0.00245300523679;0;0.0962730761146;0.203754012531;0.0981907405783;0.207829160414;0;0
1.5735588e-05;0.5;0.227672882116;-0.228528472296;0.00247173031565;0;0.0970734146413;0.203944282442;0.0990027989753;0.208019267372;0;0
1.5854797e-05;0.5;0.226315214089;-0.227175054606;0.00249045539104;0;0.0978691216851;0.204122996597;0.0998163828351;0.208203830978;0;0
1.5974006e-05;0.5;0.224965614499;-0.225829679754;0.00250918046294;0;0.0986600646625;0.204290219934;0.100597385944;0.208348946594;0;0
1.6093215e-05;0.5;0.223624035059;-0.224492300282;0.00252790553131;0;0.0994462437901;0.204446147271;0.101411366734;0.208520371168;0;0
1.6212424e-05;0.5;0.222290428446;-0.223162868338;0.00254663059615;0;0.100227693709;0.204591004965;0.102210178385;0.208670153547;0;0
1.6331633e-05;-0.0432487017455;-0.319956815071;0.320469663374;0.00256535565741;0;0.102195006043;0.203901618748;0.104131347581;0.208012951305;0;0
1.6450842e-05;-0.650990414679;-0.923223919589;0.925300355214;0.00258408071507;0;0.107583937521;0.202406478295;0.109471510528;0.206492603405;0;0
1.6570051e-05;-0.500174634407;-0.767568767103;0.76925366363;0.00260280576911;0;0.114591435114;0.200963244726;0.116652923554;0.205017201982;0;0
1.668926e-05;-0.455800367914;-0.718805312768;0.720373517615;0.0026215308195;0;0.120772856802;0.199574712629;0.123009451438;0.203629292634;0;0
1.6808469e-05;-0.538901428779;-0.797282782177;0.79906895591;0.00264025586621;0;0.127007875858;0.198237587641;0.129314653611;0.202232929332;0;0
1.6927678e-05;-0.478610410405;-0.732503905717;0.734129679306;0.00265898090922;0;0.133236392197;0.19695175656;0.135701510038;0.200933911124;0;0
1.7046887e-05;-0.507502258394;-0.756914663186;0.758616846714;0.00267770594849;0;0.139256951321;0.195716293925;0.14185007567;0.19968476721;0;0
1.7166096e-05;-0.499627991294;-0.74457184823;0.746252222708;0.00269643098402;0;0.145266704487;0.194530004617;0.147964290239;0.198453783318;0;0
1.7285305e-05;-0.498139345349;-0.738659613892;0.740335298478;0.00271515601576;0;0.151152771999;0.193392231366;0.154005773597;0.197325954168;0;0
1.7404514e-05;-0.50174828222;-0.737858993089;0.739543857816;0.00273388104369;0;0.15695910416;0.192301851568;0.159884290013;0.19616751644;0;0
1.7523723e-05;-0.499002044561;-0.730734913045;0.732411594869;0.00275260606779;0;0.162681835297;0.191257997978;0.165743893087;0.195120326658;0;0
1.7642932e-05;-0.500369485814;-0.727749223115;0.729429035582;0.00277133108803;0;0.168313674951;0.19025994415;0.17149699145;0.194107841294;0;0
1.7762141e-05;-0.499965494208;-0.723017511917;0.724695559339;0.00279005610438;0;0.173864236394;0.189306747434;0.177159382959;0.193132407057;0;0
1.788135e-05;-0.499922625878;-0.718673434572;0.720350723887;0.00280878111682;0;0.179329040701;0.188397464833;0.182715280569;0.192183270067;0;0
1.8000559e-05;-0.500078254233;-0.714552843818;0.716229937294;0.00282750612532;0;0.184711116866;0.187531280607;0.188211963386;0.191303023037;0;0
1.8119768e-05;-0.499953606864;-0.710177665536;0.711853775049;0.00284623112985;0;0.190011181036;0.186707503547;0.193640818361;0.19048212681;0;0
1.8238977e-05;-0.500018057763;-0.706016767745;0.707692434327;0.00286495613039;0;0.195229744044;0.185925285335;0.198965097882;0.189682000167;0;0
1.8358186e-05;-0.499997619445;-0.701796078772;0.703471063729;0.00288368112691;0;0.200367968874;0.185183719084;0.20419930106;0.188915467796;0;0
1.8477395e-05;-0.499996830275;-0.697620033647;0.69929439678;0.00290240611939;0;0.205426515471;0.184482049466;0.209370777603;0.188208012508;0;0
1.8596604e-05;-0.500003487861;-0.693476221198;0.695149988203;0.0029211311078;0;0.210406361604;0.183819511298;0.214451662141;0.187530382133;0;0
1.8715813e-05;-0.499997850856;-0.689344793114;0.691017931401;0.00293985609211;0;0.215308355613;0.183195349236;0.219467635496;0.186906271897;0;0
1.8835022e-05;-0.500000876553;-0.685246541689;0.686919080676;0.00295858107229;0;0.22013329591;0.182608771871;0.224385083531;0.186300750733;0;0
1.8954231e-05;-0.499999854441;-0.681168615332;0.682840546337;0.00297730604833;0;0.224881829354;0.182058823975;0.229186983605;0.185694897162;0;0
1.907344e-05;-0.499999872578;-0.677115958426;0.678787288467;0.00299603102019;0;0.229554999582;0.181544994023;0.234008297898;0.185222315412;0;0
1.9192649e-05;-0.500000154756;-0.673087648516;0.674758381619;0.00301475598785;0;0.23415361878;0.181066541004;0.238667424472;0.184699620266;0;0
1.9311858e-05;-0.499999900787;-0.669082743828;0.670752882265;0.00303348095128;0;0.238678440727;0.180622689397;0.243312053054;0.184273114004;0;0
1.9431067e-05;-0.500000042291;-0.665102033142;0.6667715813;0.00305220591046;0;0.243130241279;0.180212703035;0.247822771471;0.18382169094;0;0
1.9550276e-05;-0.499999991672;-0.661144787347;0.662813748488;0.00307093086535;0;0.247509688074;0.179835753835;0.252277255563;0.183421632506;0;0
1.9669485e-05;-0.499999995003;-0.657211112307;0.658879489743;0.00308965581594;0;0.251817788687;0.179491372345;0.256704725287;0.183100536774;0;0
1.9788694e-05;-0.500000006833;-0.65330082237;0.654968619932;0.0031083807622;0;0.256055259439;0.179178814328;0.261003478493;0.182755311642;0;0
1.9907903e-05;-0.499999995436;-0.64941374731;0.651080968032;0.00312710570409;0;0.260222911449;0.178897447682;0.265291736959;0.182502618926;0;0
2.0027112e-05;-0.500000002029;-0.645549789868;0.64721643757;0.0031458306416;0;0.264321510971;0.178646612262;0.269457567298;0.182229146199;0;0
2.0146321e-05;-0.499999999543;-0.641708786048;0.643374863767;0.0031645555747;0;0.268351684664;0.178425524966;0.27356373792;0.181996156905;0;0
2.026553e-05;-0.499999999811;-0.637890610886;0.639556122353;0.00318328050336;0;0.272314362985;0.178233723063;0.277642054662;0.181834093607;0;0
2.0384739e-05;-0.5000000003;-0.634095126534;0.635760074775;0.00320200542755;0;0.276210304789;0.178070588517;0.281621367745;0.181670350889;0;0
2.0503948e-05;-0.499999999791;-0.630322196595;0.63198658529;0.00322073034726;0;0.280040002636;0.177935253174;0.285494031069;0.181495938576;0;0
2.0623157e-05;-0.500000000097;-0.626571689176;0.628235521312;0.00323945526244;0;0.283804133174;0.177827048966;0.289320100411;0.181369501881;0;0
2.0742366e-05;-0.499999999976;-0.622843469452;0.624506748671;0.00325818017308;0;0.287503684235;0.177745634836;0.293135785024;0.181325927948;0;0
2.0861575e-05;-0.499999999993;-0.619137405874;0.620800135122;0.00327690507916;0;0.291139356481;0.17769039821;0.296834418201;0.18125718065;0;0
2.0980784e-05;-0.500000000013;-0.6154533663;0.617115549182;0.00329562998063;0;0.294711617451;0.177660508886;0.300448267184;0.181194228838;0;0
2.1099993e-05;-0.49999999999;-0.611791220141;0.613452859562;0.00331435487749;0;0.298221229198;0.177655446506;0.304032762638;0.181191172428;0;0
2.1219202e-05;-0.500000000005;-0.608150837031;0.609811936557;0.00333307976969;0;0.30166904919;0.177674801296;0.307569014127;0.181227847533;0;0
2.1338411e-05;-0.499999999999;-0.604532087918;0.606192650417;0.00335180465723;0;0.305055780415;0.177718024007;0.311034541711;0.181280479482;0;0
2.145762e-05;-0.5;-0.600934843927;0.602594872927;0.00337052954006;0;0.30838208176;0.177784536136;0.314439990403;0.18135846567;0;0
2.1576829e-05;-0.500000000001;-0.597358977589;0.599018475919;0.00338925441816;0;0.311648568474;0.177873730226;0.317767127621;0.181442312984;0;0
2.1696038e-05;-0.5;-0.593804361524;0.595463332673;0.00340797929151;0;0.314855803029;0.177984960584;0.321020311028;0.181535157723;0;0
2.1815247e-05;-0.5;-0.590270869786;0.591929316547;0.00342670416008;0;0.318004576974;0.17811782497;0.324261443241;0.18169767471;0;0
2.1934456e-05;-0.5;-0.5867583765;0.588416302325;0.00344542902384;0;0.321095620061;0.178271873574;0.327422791672;0.181860936356;0;0
2.2053665e-05;-0.5;-0.583266757216;0.584924164861;0.00346415388277;0;0.324129493617;0.178446502236;0.330520327218;0.182039716914;0;0
2.2172874e-05;-0.5;-0.579795887548;0.581452780427;0.00348287873684;0;0.327106682136;0.178641043883;0.333521792907;0.182200590972;0;0
2.2292083e-05;-0.5;-0.576345644523;0.578002025355;0.00350160358603;0;0.33002794762;0.178855122735;0.336534126279;0.182449329657;0;0
2.2411292e-05;-0.5;-0.572915905226;0.57457177739;0.00352032843031;0;0.3328939046;0.179088229164;0.339426661813;0.18265412522;0;0
2.2530501e-05;-0.5;-0.569506548145;0.571161914322;0.00353905326964;0;0.33570503385;0.179339733269;0.34227951478;0.1828939555;0;0
2.264971e-05;-0.5;-0.566117451817;0.567772315351;0.00355777810402;0;0.338462091102;0.179609293452;0.345100823425;0.183175842952;0;0
2.2768919e-05;-0.5;-0.562748496175;0.564402859712;0.0035765029334;0;0.341165780538;0.17989652976;0.347872402464;0.183480492795;0;0
2.2888128e-05;-0.5;-0.559399561191;0.561053428037;0.00359522775777;0;0.343816799856;0.180201068813;0.350611296396;0.18382385963;0;0
2.3007337e-05;-0.5;-0.556070528224;0.557723900991;0.0036139525771;0;0.346415531203;0.180522234592;0.353218936792;0.184106292645;0;0
2.3126546e-05;-0.5;-0.552761278664;0.554414160625;0.00363267739136;0;0.348962481336;0.180859488469;0.355817846976;0.18444925101;0;0
2.3245755e-05;-0.5;-0.549471695282;0.551124089011;0.00365140220052;0;0.351458439217;0.181212586664;0.358381130099;0.18482478219;0;0
2.3364964e-05;-0.5;-0.546201660869;0.547853569604;0.00367012700456;0;0.353904040498;0.181581144589;0.360893227267;0.185216287976;0;0
2.3484173e-05;-0.5;-0.542951059588;0.544602485871;0.00368885180345;0;0.356299818217;0.181964687416;0.363342300192;0.185610900257;0;0
2.3603382e-05;-0.5;-0.539719775616;0.541370722648;0.00370757659717;0;0.358646254344;0.182362701484;0.365727204101;0.186006459681;0;0
2.3722591e-05;-0.5;-0.536507694492;0.538158164781;0.00372630138569;0;0.360943881986;0.182774736376;0.368065408876;0.186419431561;0;0
2.38418e-05;-0.5;-0.533314701761;0.534964698477;0.00374502616899;0;0.363193255488;0.183200374891;0.370350019223;0.186841930278;0;0
2.3961009e-05;-0.5;-0.530140684323;0.531790209939;0.00376375094703;0;0.365394973536;0.183639256013;0.37260176703;0.187293707735;0;0
2.4080218e-05;-0.5;-0.526985529077;0.528634586727;0.00378247571979;0;0.367549701697;0.184091097332;0.374823540714;0.187776685863;0;0
2.4199427e-05;-0.5;-0.523849124265;0.52549771639;0.00380120048725;0;0.369657849861;0.184555372347;0.376945361711;0.188219929869;0;0
2.4318636e-05;-0.5;-0.520731358123;0.522379487824;0.00381992524937;0;0.371719933059;0.185031671169;0.379059380017;0.188714646839;0;0
2.4437845e-05;-0.5;-0.517632120221;0.519279789907;0.00383865000614;0;0.373736605593;0.185519734525;0.381125843435;0.189220151852;0;0
2.4557054e-05;-0.5;-0.514551300115;0.516198512854;0.00385737475753;0;0.375708370403;0.186019162999;0.383140554076;0.189731326753;0;0
2.4676263e-05;-0.5;-0.51148878869;0.513135546857;0.0038760995035;0;0.377635704631;0.186529542477;0.385102462004;0.190246211867;0;0
2.4795472e-05;-0.5;-0.508444476805;0.510090783437;0.00389482424404;0;0.379519092026;0.187050476431;0.387016603104;0.190768945261;0;0
2.4914681e-05;-0.5;-0.505418256641;0.507064114081;0.00391354897911;0;0.381359128859;0.187581691715;0.38891177958;0.191327441857;0;0
2.503389e-05;-0.5;-0.502410020348;0.5040554316;0.0039322737087;0;0.383156277035;0.188122791561;0.390728484295;0.191861318485;0;0
2.5153099e-05;-0.5;-0.499419661389;0.501064628763;0.00395099843277;0;0.384911033297;0.188673424663;0.392530441587;0.192433434165;0;0
2.5272308e-05;-0.5;-0.496447073186;0.498091599657;0.0039697231513;0;0.386623890028;0.189233245867;0.394263148844;0.19298843177;0;0
2.5391517e-05;-0.5;-0.49349215047;0.495136238316;0.00398844786426;0;0.388295379435;0.189801960236;0.395987366586;0.193586227879;0;0
2.5510726e-05;-0.5;-0.490554787922;0.492198440085;0.00400717257163;0;0.389925990121;0.190379239515;0.397640448963;0.194163343153;0;0
2.5629935e-05;-0.5;-0.487634881524;0.489278100253;0.00402589727337;0;0.391516233998;0.190964788927;0.399285696912;0.194782255507;0;0
2.5749144e-05;-0.5;-0.484732327201;0.486375115407;0.00404462196947;0;0.393066639899;0.191558340675;0.400874801587;0.19539384325;0;0
2.5868353e-05;-0.5;-0.481847022172;0.483489382072;0.0040633466599;0;0.394577433781;0.192159334037;0.402369063996;0.195958604515;0;0
2.5987562e-05;-0.5;-0.478978863592;0.480620798066;0.00408207134463;0;0.396049171046;0.192767547575;0.403894394238;0.196601657231;0;0
2.6106771e-05;-0.5;-0.4761277499;0.477769261136;0.00410079602364;0;0.397482461977;0.193382824469;0.405358323376;0.197229749428;0;0
2.622598e-05;-0.5;-0.473293579466;0.474934670315;0.00411952069689;0;0.398877687364;0.194004788031;0.406780949246;0.19786220619;0;0
2.6345189e-05;-0.5;-0.470476251938;0.472116924557;0.00413824536436;0;0.400235385997;0.194633229097;0.408190079183;0.19852607173;0;0
2.6464398e-05;-0.5;-0.467675666887;0.469315924096;0.00415697002603;0;0.401555901969;0.195267753217;0.409510260339;0.199145139469;0;0
2.6583607e-05;-0.5;-0.464891725151;0.466531569079;0.00417569468187;0;0.402839653662;0.195908049552;0.410829597335;0.199806770211;0;0
2.6702816e-05;-0.5;-0.46212432749;0.463763760926;0.00419441933185;0;0.404087177168;0.196553934178;0.412105536485;0.200467675529;0;0
2.6822025e-05;-0.5;-0.45937337592;0.461012400964;0.00421314397595;0;0.405298816048;0.197205039754;0.413324573102;0.201113625313;0;0
2.6941234e-05;-0.5;-0.456638772372;0.458277391786;0.00423186861415;0;0.406475085205;0.197861179289;0.414547369195;0.201804565629;0;0
2.7060443e-05;-0.5;-0.45392042003;0.455558635883;0.0042505932464;0;0.407616404053;0.198522079216;0.415696940789;0.202462805171;0;0
2.7179652e-05;-0.5;-0.45121822198;0.452856037005;0.0042693178727;0;0.408723191634;0.199187474408;0.416842320901;0.203156679118;0;0
2.7298861e-05;-0.5;-0.448532082558;0.450169498798;0.004288042493;0;0.409795942184;0.199857183646;0.417945874013;0.203847862634;0;0
2.741807e-05;-0.5;-0.445861905996;0.447498926154;0.00430676710729;0;0.410834903078;0.200530787471;0.418974756899;0.204502832009;0;0
2.7537279e-05;-0.5;-0.443207597767;0.444844223856;0.00432549171555;0;0.411840463527;0.201208016782;0.419998167444;0.205190113647;0;0
2.7656488e-05;-0.5;-0.440569063233;0.44220529793;0.00434421631773;0;0.41281326537;0.201888863537;0.421026946276;0.20591988513;0;0
2.7775697e-05;-0.5;-0.437946208992;0.439582054282;0.00436294091382;0;0.413753639889;0.202573017476;0.421968719916;0.206599118086;0;0
2.7894906e-05;-0.5;-0.435338941523;0.436974400055;0.0043816655038;0;0.414661805034;0.203260063244;0.42287470835;0.207278386497;0;0
2.8014115e-05;-0.5;-0.432747168534;0.434382242266;0.00440039008762;0;0.415538331566;0.203949946457;0.423798584411;0.208010725508;0;0
2.8133324e-05;-0.5;-0.43017079761;0.431805489163;0.00441911466528;0;0.416383743891;0.204642574435;0.424682964863;0.208738122071;0;0
2.8252533e-05;-0.5;-0.427609737557;0.429244048861;0.00443783923673;0;0.417198202734;0.205337498787;0.425480154552;0.209412259369;0;0
2.8371742e-05;-0.5;-0.425063897049;0.426697830699;0.00445656380197;0;0.417982025931;0.20603443612;0.426276269025;0.210118639782;0;0
2.8490951e-05;-0.5;-0.422533185977;0.424166743877;0.00447528836095;0;0.418735718947;0.206733298465;0.427049337608;0.210834687062;0;0
2.861016e-05;-0.5;-0.420017514095;0.421650698811;0.00449401291366;0;0.419459716896;0.207433935212;0.427801227178;0.211561670458;0;0
2.8729369e-05;-0.5;-0.417516792365;0.419149605775;0.00451273746006;0;0.420154443004;0.208136191485;0.428528910294;0.212295972663;0;0
2.8848578e-05;-0.5;-0.415030931605;0.41666337625;0.00453146200013;0;0.420820092487;0.208839691936;0.429174269829;0.212978894189;0;0
2.8967787e-05;-0.5;-0.412559843838;0.414191921568;0.00455018653385;0;0.421457012097;0.209544220206;0.429831001121;0.213703556122;0;0
2.9086996e-05;-0.5;-0.410103440935;0.411735154264;0.00456891106119;0;0.422065679807;0.210249698529;0.430455044052;0.21442533116;0;0
2.9206205e-05;-0.5;-0.407661635963;0.409292986718;0.00458763558211;0;0.422646459389;0.210955942225;0.431055401687;0.215152662788;0;0
2.9325414e-05;-0.5;-0.405234341835;0.406865332504;0.00460636009661;0;0.423199673685;0.211662732891;0.431614665407;0.215867590077;0;0
2.9444623e-05;-0.5;-0.402821472653;0.404452105035;0.00462508460464;0;0.423725581796;0.212369795508;0.432132121976;0.216568854804;0;0
2.9563832e-05;0.0432487017455;0.139935757542;-0.140820643602;0.00464380910619;0;0.422732512957;0.213596809186;0.431221300283;0.217790520148;0;0
2.9683041e-05;0.650990414679;0.743642959109;-0.747348663897;0.00466253360122;0;0.420253225964;0.21759167514;0.428714135747;0.221724561387;0;0
2.980225e-05;0.500174634407;0.589211265887;-0.592203236388;0.00468125808971;0;0.417818357779;0.223223984935;0.426236803922;0.227512207283;0;0
2.9921459e-05;0.455800367914;0.541553735113;-0.544329263476;0.00469998257164;0;0.415430713797;0.228039940187;0.423790221798;0.232435856986;0;0
3.0040668e-05;0.538901428779;0.62099845144;-0.624156999877;0.00471870704697;0;0.413087371932;0.232922462364;0.421409142395;0.237402346099;0;0
3.0159877e-05;0.478610410405;0.557329660739;-0.56019470549;0.00473743151569;0;0.410788580362;0.237811268149;0.419086992435;0.242432259125;0;0
3.0279086e-05;0.507502258394;0.582751496392;-0.585745459789;0.00475615597776;0;0.40853330871;0.242503742251;0.416746923084;0.247174764886;0;0
3.0398295e-05;0.499627991294;0.571451846328;-0.574400006771;0.00477488043317;0;0.406320596404;0.247197684056;0.414476704124;0.25195398981;0;0
3.0517504e-05;0.498139345349;0.566569962204;-0.569502812284;0.00479360488187;0;0.404150064916;0.251779763736;0.412270830187;0.256640139627;0;0
3.0636713e-05;0.50174828222;0.566788285721;-0.569730324168;0.00481232932385;0;0.402021085766;0.256294284099;0.41013474953;0.261282156565;0;0
3.0755922e-05;0.499002044561;0.560683680106;-0.563604372967;0.00483105375909;0;0.399932799526;0.260737070453;0.407957292463;0.265770659273;0;0
3.0875131e-05;0.500369485814;0.558707143566;-0.561626407747;0.00484977818754;0;0.397884505818;0.265100531914;0.405888495026;0.270244378411;0;0
3.099434e-05;0.499965494208;0.554980424101;-0.557889720051;0.0048685026092;0;0.395875675939;0.269394437484;0.403840370406;0.274628444828;0;0
3.1113549e-05;0.499922625878;0.551634991955;-0.554536123622;0.00488722702402;0;0.393905537155;0.273614170668;0.401815704442;0.278920361483;0;0
3.1232758e-05;0.500078254233;0.548506905997;-0.551400891092;0.004905951432;0;0.391973438179;0.27776264883;0.399844803907;0.283154781938;0;0
3.1351967e-05;0.499953606864;0.545118624747;-0.548004135587;0.00492467583309;0;0.390078789779;0.281840408349;0.397912816756;0.287317543929;0;0
3.1471176e-05;0.500018057763;0.541938563172;-0.544816577188;0.00494340022727;0;0.388221028694;0.285847966782;0.396037036187;0.291427445666;0;0
3.1590385e-05;0.499997619445;0.538692969523;-0.541563114018;0.00496212461452;0;0.386399398496;0.289786365548;0.39414590934;0.295414369795;0;0
3.1709594e-05;0.499996830275;0.535486204626;-0.538348622834;0.00498084899481;0;0.384613227821;0.293656077524;0.39232134259;0.299361779537;0;0
3.1828803e-05;0.500003487861;0.532305904509;-0.535160679779;0.00499957336812;0;0.382862045631;0.297458108352;0.390543471094;0.303250954399;0;0
3.1948012e-05;0.499997850856;0.529132275594;-0.531979391733;0.00501829773441;0;0.381145260994;0.301193207422;0.388793499289;0.307064790164;0;0
3.2067221e-05;0.500000876553;0.525986122414;-0.528825668568;0.00503702209366;0;0.379462345853;0.304862176493;0.387101786316;0.310834719897;0;0
3.218643e-05;0.499999854441;0.522854640423;-0.525686640947;0.00505574644585;0;0.377812725459;0.308465786317;0.385425836208;0.314519865176;0;0
3.2305639e-05;0.499999872578;0.519742802336;-0.522567307629;0.00507447079095;0;0.376195710099;0.312004648923;0.383767910616;0.318123604049;0;0
3.2424848e-05;0.500000154756;0.516649719929;-0.519466775536;0.00509319512893;0;0.374610645633;0.315479413237;0.382132362038;0.321651802207;0;0
3.2544057e-05;0.499999900787;0.513574485489;-0.516384133292;0.00511191945977;0;0.37305705822;0.318890887754;0.380561530481;0.325147948146;0;0
3.2663266e-05;0.500000042291;0.510517919852;-0.513320205546;0.00513064378344;0;0.371534380051;0.322239772892;0.378989693797;0.328547753073;0;0
3.2782475e-05;0.499999991672;0.507479327355;-0.510274294044;0.00514936809991;0;0.37004208302;0.325526795591;0.377481954126;0.331917477903;0;0
3.2901684e-05;0.499999995003;0.504458846239;-0.507246537353;0.00516809240916;0;0.368579665787;0.32875269396;0.375985816584;0.33520599863;0;0
3.3020893e-05;0.500000006833;0.501456323345;-0.504236782499;0.00518681671116;0;0.367146545737;0.331918111416;0.37452180642;0.33843499858;0;0
3.3140102e-05;0.499999995436;0.49847162073;-0.501244890441;0.00520554100589;0;0.365742158665;0.335023695476;0.373073971787;0.341589843216;0;0
3.3259311e-05;0.500000002029;0.495504673151;-0.49827079657;0.00522426529332;0;0.364366098205;0.338070237655;0.37169652156;0.344725892911;0;0
3.337852e-05;0.499999999543;0.492555348508;-0.495314367716;0.00524298957341;0;0.363017868018;0.341058425814;0.370314743152;0.347769704948;0;0
3.3497729e-05;0.499999999811;0.489623553504;-0.492375511067;0.00526171384616;0;0.361696856777;0.343988819186;0.368959395779;0.350753179032;0;0
3.3616938e-05;0.5000000003;0.486709181785;-0.489454119329;0.00528043811152;0;0.360402623506;0.346862133939;0.367647344637;0.353694407941;0;0
3.3736147e-05;0.499999999791;0.483812128258;-0.486550087829;0.00529916236948;0;0.359134732283;0.349679077972;0.366362548489;0.356578476471;0;0
3.3855356e-05;0.500000000097;0.480932292144;-0.483663314875;0.00531788662001;0;0.357892679726;0.352440278562;0.365097803154;0.359399369792;0;0
3.3974565e-05;0.499999999976;0.478069569556;-0.480793697;0.00533661086308;0;0.356675925837;0.355146313341;0.363846554928;0.362151643292;0;0
3.4093774e-05;0.499999999993;0.475223859689;-0.477941132484;0.00535533509866;0;0.355483921117;0.357797737541;0.362609074668;0.364836722201;0;0
3.4212983e-05;0.500000000013;0.47239506097;-0.475105520185;0.00537405932673;0;0.35431615324;0.360395130809;0.361392495745;0.36746283025;0;0
3.4332192e-05;0.49999999999;0.469583073192;-0.472286758977;0.00539278354727;0;0.353172404797;0.362939355081;0.360268811518;0.370103082761;0;0
3.4451401e-05;0.500000000005;0.466787796195;-0.469484749136;0.00541150776024;0;0.352052187088;0.365430988507;0.359098573061;0.37261910122;0;0
3.457061e-05;0.499999999999;0.46400913095;-0.466699390718;0.00543023196562;0;0.350954914247;0.367870499709;0.357974122727;0.375104319637;0;0
3.4689819e-05;0.5;0.46124697843;-0.463930585133;0.00544895616339;0;0.34988024212;0.370258586786;0.356878423492;0.377542750603;0;0
3.4809028e-05;0.500000000001;0.458501240831;-0.461178233667;0.00546768035351;0;0.348827860438;0.372595969614;0.355833303687;0.379957285506;0;0
3.4928237e-05;0.5;0.455771820267;-0.458442238873;0.00548640453596;0;0.34779731675;0.374883213909;0.354778432071;0.382288621458;0;0
3.5047446e-05;0.5;0.453058620109;-0.455722503213;0.00550512871072;0;0.346788097512;0.377120812445;0.353747172927;0.384571158614;0;0
3.5166655e-05;0.5;0.450361543626;-0.4530189304;0.00552385287776;0;0.345799848105;0.379309405185;0.352751439802;0.386817817288;0;0
3.5285864e-05;0.5;0.447680495335;-0.450331424045;0.00554257703705;0;0.344832035683;0.381449442265;0.351729630523;0.388968005236;0;0
3.5405073e-05;0.5;0.44501537965;-0.447659889006;0.00556130118857;0;0.343884345241;0.383541580176;0.350792693384;0.391133655803;0;0
3.5524282e-05;0.5;0.442366102221;-0.445004230032;0.00558002533228;0;0.342956426987;0.385586429258;0.349832107698;0.393207233296;0;0
3.5643491e-05;0.5;0.439732568593;-0.442364353115;0.00559874946818;0;0.342047735112;0.387584392595;0.348886534353;0.395228362087;0;0
3.57627e-05;0.5;0.437114685537;-0.439740164127;0.00561747359621;0;0.341158086568;0.389536224903;0.348019254985;0.397261284593;0;0
3.5881909e-05;0.5;0.434512359713;-0.437131570177;0.00563619771637;0;0.340286977124;0.391442348712;0.347085025228;0.399161698603;0;0
3.6001118e-05;0.5;0.431925499002;-0.43453847825;0.00565492182863;0;0.339434087951;0.393303361059;0.346259015454;0.401105711867;0;0
3.6120327e-05;0.5;0.429354011164;-0.431960796559;0.00567364593295;0;0.338599040073;0.395119788062;0.345369791901;0.402922811548;0;0
3.6239536e-05;0.5;0.426797805177;-0.429398433187;0.00569237002931;0;0.337781294574;0.396891985234;0.344520846435;0.40471740434;0;0
3.6358745e-05;0.5;0.424256789892;-0.42685129744;0.0057110941177;0;0.336980753058;0.398620738059;0.343740344126;0.406518555045;0;0
3.6477954e-05;0.5;0.421730875366;-0.424319298486;0.00572981819807;0;0.336197047541;0.400306551997;0.34292809386;0.408226965608;0;0
3.6597163e-05;0.5;0.419219971527;-0.421802346708;0.0057485422704;0;0.335429834728;0.401949946868;0.342176186193;0.409935605555;0;0
3.6716372e-05;0.5;0.416723989504;-0.419300352348;0.00576726633467;0;0.334678784209;0.40355144516;0.341405766253;0.411566491669;0;0
3.6835581e-05;0.5;0.414242840286;-0.416813226855;0.00578599039086;0;0.333943432127;0.405111425807;0.34064700141;0.413150649993;0;0
3.695479e-05;0.5;0.41177643606;-0.414340881529;0.00580471443893;0;0.333223426166;0.40663036928;0.339901951523;0.414690991105;0;0
3.7073999e-05;0.5;0.409324688867;-0.411883228874;0.00582343847885;0;0.332518501164;0.408108833308;0.339190732977;0.416208470049;0;0
3.7193208e-05;0.5;0.406887511937;-0.409440181236;0.00584216251061;0;0.331828310877;0.409547284747;0.338471708141;0.41766227964;0;0
3.7312417e-05;0.5;0.40446481835;-0.407011652161;0.00586088653418;0;0.331152430353;0.410946102062;0.337757632545;0.419065994425;0;0
3.7431626e-05;0.5;0.402056522367;-0.40459755503;0.00587961054952;0;0.330490769312;0.412305988803;0.337127149479;0.420499068117;0;0
3.7550835e-05;0.5;0.399662538095;-0.402197804416;0.00589833455662;0;0.329843078362;0.413627479926;0.336466517098;0.421848558782;0;0
3.7670044e-05;0.5;0.397282780817;-0.399812314723;0.00591705855545;0;0.32920877127;0.414910764173;0.335780774326;0.423120296498;0;0
3.7789253e-05;0.5;0.394917165651;-0.397441001541;0.00593578254598;0;0.3285877144;0.416156473595;0.335187408419;0.424432549167;0;0
3.7908462e-05;0.5;0.392565608887;-0.395083780283;0.00595450652818;0;0.327979726731;0.41736518368;0.334569420549;0.425669090356;0;0
3.8027671e-05;0.5;0.390228026648;-0.392740567544;0.00597323050203;0;0.327384286387;0.41853711998;0.33393376504;0.426837636676;0;0
3.814688e-05;0.5;0.38790433622;-0.390411279736;0.0059919544675;0;0.326801090623;0.419672718191;0.333332335136;0.42799083498;0;0
3.8266089e-05;0.5;0.385594454713;-0.388095834445;0.00601067842457;0;0.32622993152;0.420772499946;0.332744123404;0.429108421994;0;0
3.8385298e-05;0.5;0.383298300399;-0.385794149071;0.00602940237321;0;0.325670677285;0.421837054208;0.332206791866;0.430228795264;0;0
3.8504507e-05;0.5;0.381015791367;-0.38350614218;0.00604812631339;0;0.32512293082;0.422866695936;0.331613243;0.431245583792;0;0
3.8623716e-05;0.5;0.378746846859;-0.381231732146;0.00606685024509;0;0.324586336895;0.423861773352;0.331066517609;0.432262546082;0;0
3.8742925e-05;0.5;0.376491385933;-0.378970838505;0.00608557416828;0;0.324060781666;0.424822867547;0.330541171598;0.433254946991;0;0
3.8862134e-05;0.5;0.374249328792;-0.376723380594;0.00610429808293;0;0.323545975765;0.425750375666;0.330009891696;0.434196173866;0;0
3.8981343e-05;0.5;0.372020595447;-0.374489278907;0.00612302198903;0;0.32304175736;0.426644814058;0.329529871588;0.435144112127;0;0
3.9100552e-05;0.5;0.369805107053;-0.372268453733;0.00614174588653;0;0.322547746089;0.4275064723;0.32898982503;0.435988159374;0;0
3.9219761e-05;0.5;0.367602784564;-0.37006082651;0.00616046977542;0;0.322063695834;0.428335766057;0.328521907707;0.436861146179;0;0
3.933897e-05;0.5;0.365413550072;-0.367866318469;0.00617919365567;0;0.321589427977;0.429133170432;0.32802781468;0.437665434851;0;0
3.9458179e-05;0.5;0.363237325465;-0.365684851984;0.00619791752726;0;0.32112465743;0.429899046074;0.327562705606;0.438456843729;0;0
3.9577388e-05;0.5;0.361074033763;-0.363516349215;0.00621664139015;0;0.32066914122;0.430633787859;0.327088439222;0.439197882475;0;0
3.9696597e-05;0.5;0.358923597775;-0.361360733459;0.00623536524432;0;0.320222667013;0.43133781349;0.326645223419;0.439929401681;0;0
3.9815806e-05;0.5;0.356785941436;-0.359217927794;0.00625408908975;0;0.319784957754;0.432011468229;0.32617879866;0.440597776918;0;0
3.9935015e-05;0.5;0.354660988467;-0.357087856432;0.0062728129264;0;0.31935580035;0.432655153658;0.325752543403;0.44126701363;0;0
4.0054224e-05;0.5;0.352548663708;-0.354970443357;0.00629153675426;0;0.318935059851;0.433269341946;0.325331224873;0.441902498595;0;0
4.0173433e-05;0.5;0.350448891781;-0.352865613683;0.00631026057329;0;0.318522363251;0.433854259733;0.324879007066;0.442469007676;0;0
4.0292642e-05;0.5;0.348361598419;-0.350773292292;0.00632898438348;0;0.318117586009;0.434410374726;0.32449369786;0.443064952845;0;0
4.0411851e-05;0.5;0.346286709133;-0.348693405188;0.00634770818478;0;0.317720509136;0.434938052873;0.324062848819;0.443578482699;0;0
4.053106e-05;0.5;0.344224150542;-0.34662587814;0.00636643197719;0;0.317330850129;0.435437589374;0.323665787899;0.444089514478;0;0
4.0650269e-05;0.5;0.342173849035;-0.344570638033;0.00638515576066;0;0.316948592475;0.435909538262;0.323304859537;0.444600974723;0;0
4.0769478e-05;0.5;0.340135732104;-0.34252761151;0.00640387953518;0;0.31657342461;0.436354151441;0.322896081992;0.445029456812;0;0
4.0888687e-05;0.5;0.338109727006;-0.340496726329;0.00642260330071;0;0.316205023415;0.436771662262;0.322508067005;0.445444140088;0;0
4.1007896e-05;0.5;0.336095762097;-0.338477909997;0.00644132705724;0;0.315843423192;0.43716265457;0.322177566864;0.445882337472;0;0
4.1127105e-05;0.5;0.334093765493;-0.336471091131;0.00646005080474;0;0.31548847972;0.437527526839;0.321822698196;0.446262719479;0;0
4.1246314e-05;0.5;0.332103666401;-0.334476198096;0.00647877454317;0;0.315139718748;0.43786634074;0.32142316945;0.446565541428;0;0
4.1365523e-05;0.5;0.330125393784;-0.332493160356;0.00649749827252;0;0.314797066046;0.438179551263;0.321104740708;0.446917103069;0;0
4.1484732e-05;0.5;0.328158877695;-0.330521907121;0.00651622199275;0;0.31446051904;0.438467678429;0.320776373481;0.447226899341;0;0
4.1603941e-05;0.5;0.326204047935;-0.328562368698;0.00653494570385;0;0.314129744877;0.438730905426;0.320425997848;0.447483386866;0;0
4.172315e-05;0.5;0.324260835386;-0.326614475128;0.00655366940578;0;0.313804577625;0.438969575878;0.320108513964;0.447741985589;0;0
4.1842359e-05;0.5;0.322329170679;-0.32467815755;0.00657239309851;0;0.313484806771;0.439183982422;0.319762656992;0.447941944175;0;0
4.1961568e-05;0.5;0.32040898552;-0.32275334683;0.00659111678203;0;0.313170256931;0.439374446478;0.319450324565;0.448145667017;0;0
4.2080777e-05;0.5;0.318500211358;-0.320839974926;0.00660984045631;0;0.312860795301;0.439541325776;0.319128075434;0.448310213462;0;0
4.2199986e-05;0.5;0.316602780711;-0.31893797352;0.00662856412131;0;0.312556177161;0.439684859931;0.318802058687;0.448442226762;0;0
4.2319195e-05;0.5;0.314716625836;-0.31704727538;0.00664728777702;0;0.312256246929;0.439805371558;0.318490143152;0.44856006361;0;0
4.2438404e-05;0.5;0.312841680056;-0.315167812995;0.0066660114234;0;0.311960890572;0.439903218754;0.318187088178;0.448658965098;0;0
4.2557613e-05;0.5;0.310977876426;-0.313299519931;0.00668473506044;0;0.311670022855;0.439978782419;0.317904406479;0.448750919508;0;0
4.2676822e-05;0.5;0.309125149063;-0.311442329475;0.00670345868809;0;0.311383433783;0.440032312756;0.317596903558;0.448791202008;0;0
4.2796031e-05;0.5;0.307283431813;-0.309596175983;0.00672218230635;0;0.311100896076;0.440064036815;0.317298137001;0.44881383366;0;0
4.291524e-05;0.5;0.305452659577;-0.30776099353;0.00674090591518;0;0.310822375225;0.440074368616;0.317030594;0.448841759248;0;0
4.3034449e-05;0.5;0.303632766979;-0.305936717254;0.00675962951456;0;0.310547835435;0.440063715153;0.316773526263;0.448854682314;0;0
4.3153658e-05;0.5;0.301823689696;-0.304123282005;0.00677835310445;0;0.310276999106;0.44003223594;0.316477888671;0.448804003857;0;0
4.3272867e-05;0.5;0.300025363125;-0.302320623695;0.00679707668484;0;0.310009727134;0.439980223375;0.316223274282;0.448769757009;0;0
4.3392076e-05;0.5;0.298237723708;-0.300528677943;0.00681580025569;0;0.309745953528;0.439908037417;0.315959360092;0.448702053501;0;0
4.3511285e-05;0.5;0.296460707603;-0.298747381424;0.00683452381698;0;0.30948536648;0.439815786725;0.315661774091;0.448576950389;0;0
4.3630494e-05;0.5;0.294694252009;-0.296976670514;0.00685324736869;0;0.309227881989;0.439703802329;0.315413058201;0.448477412864;0;0
4.3749703e-05;0.5;0.292938293837;-0.295216482643;0.00687197091079;0;0.3089734397;0.439572433546;0.315146868956;0.448337515616;0;0
4.3868912e-05;0.5;0.291192771034;-0.29346675494;0.00689069444325;0;0.308721861657;0.43942190678;0.314888046227;0.44818251104;0;0
4.3988121e-05;0.5;0.289457621256;-0.291727425578;0.00690941796604;0;0.308472990131;0.439252463416;0.314619492087;0.447995708473;0;0
4.410733e-05;0.5;0.287732783188;-0.289998432426;0.00692814147914;0;0.308226779117;0.439064451371;0.314385863498;0.447822166699;0;0
4.4226539e-05;0.5;0.28601819522;-0.288279714396;0.00694686498253;0;0.307983109754;0.438858140579;0.314127488257;0.447602610357;0;0
4.4345748e-05;0.5;0.284313796769;-0.286571210088;0.00696558847617;0;0.307741861311;0.438633794024;0.313895078014;0.447388142492;0;0
4.4464957e-05;0.5;0.282619526951;-0.284872859142;0.00698431196004;0;0.307502913689;0.438391670309;0.313643725706;0.44713424255;0;0
4.4584166e-05;0.5;0.280935325905;-0.283184600881;0.00700303543412;0;0.307266045471;0.438131921755;0.313383973135;0.446851833644;0;0
4.4703375e-05;0.5;0.279261133463;-0.281506375666;0.00702175889837;0;0.307031208455;0.437854868994;0.313153162551;0.446578634265;0;0
4.4822584e-05;0.5;0.277596890478;-0.279838123534;0.00704048235278;0;0.306798465321;0.437560938689;0.312948479116;0.446312200966;0;0
4.4941793e-05;0.5;0.275942537493;-0.278179785556;0.00705920579731;0;0.306567661786;0.437250335743;0.312712366524;0.445995344072;0;0
4.5061002e-05;0.5;0.274298016064;-0.276531302478;0.00707792923194;0;0.306338482695;0.436923099446;0.312450022829;0.445633623274;0;0
4.5180211e-05;0.5;0.272663267434;-0.27489261607;0.00709665265665;0;0.306110869824;0.436579521329;0.312226286024;0.445292233276;0;0
4.529942e-05;0.5;0.271038233857;-0.273263667778;0.0071153760714;0;0.305884767115;0.436219890455;0.311984517425;0.444914887672;0;0
4.5418629e-05;0.5;0.269422857268;-0.271644400067;0.00713409947617;0;0.305660042523;0.435844415314;0.311752625018;0.444529841838;0;0
4.5537838e-05;0.5;0.267817080609;-0.27003475507;0.00715282287093;0;0.305436744531;0.435453480394;0.311555031417;0.44416186117;0;0
4.5657047e-05;0.5;0.266220846499;-0.268434675941;0.00717154625566;0;0.305214800358;0.435047344437;0.311336703894;0.443756251336;0;0
4.5776256e-05;0.5;0.26463409856;-0.266844105493;0.00719026963034;0;0.304994004339;0.43462612887;0.311108522927;0.443324226536;0;0
4.5895465e-05;0.5;0.263056780088;-0.265262987557;0.00720899299493;0;0.304774195597;0.43418999553;0.310872385056;0.442868012582;0;0
4.6014674e-05;0.5;0.261488835376;-0.263691265621;0.00722771634941;0;0.304555246326;0.433739134995;0.310634900905;0.442394544942;0;0
4.6133883e-05;0.5;0.259930208387;-0.262128884185;0.00724643969375;0;0.304337182114;0.433273886956;0.310431668324;0.441939741872;0;0
4.6253092e-05;0.5;0.258380844081;-0.260575787404;0.00726516302793;0;0.304119896488;0.432794454807;0.310194931201;0.441436163595;0;0
4.6372301e-05;0.5;0.25684068708;-0.259031920438;0.00728388635191;0;0.303903249597;0.432301004383;0.309973956422;0.440933388785;0;0
4.649151e-05;0.5;0.255309682998;-0.2574972281;0.00730260966569;0;0.303687184796;0.431793780588;0.309747854505;0.440410835693;0;0
4.6610719e-05;0.5;0.253787777112;-0.255971656204;0.00732133296922;0;0.303471692991;0.431273071788;0.309547325214;0.439899507521;0;0
4.6729928e-05;0.5;0.252274915683;-0.254455150213;0.00734005626248;0;0.303256713695;0.430739110911;0.309330991947;0.43935832715;0;0
4.6849137e-05;-0.0432487017455;-0.28885241917;0.290661442026;0.00735877954544;0;0.304116199382;0.429252179613;0.310098377992;0.437864051574;0;0
4.6968346e-05;-0.650990414679;-0.890852077568;0.897121567792;0.00737750281809;0;0.308281323445;0.426841725968;0.314225811694;0.435445514047;0;0
4.7087555e-05;-0.500174634407;-0.735749668278;0.740881969614;0.00739622608039;0;0.314067708558;0.424482807227;0.320160730538;0.433035429171;0;0
4.7206764e-05;-0.455800367914;-0.687281374168;0.692064361566;0.00741494933231;0;0.319036364999;0.422178102937;0.325258412586;0.430691503134;0;0
4.7325973e-05;-0.538901428779;-0.765747584603;0.771126631318;0.00743367257384;0;0.324064889827;0.41992444386;0.330346994394;0.428374414369;0;0
4.7445182e-05;-0.478610410405;-0.701300193897;0.70620932837;0.00745239580494;0;0.329093281782;0.417721765947;0.335487426907;0.426118202781;0;0
4.7564391e-05;-0.507502258394;-0.725827345702;0.730931460332;0.00747111902558;0;0.333920415391;0.41556907978;0.340393004759;0.423907978545;0;0
4.76836e-05;-0.499627991294;-0.713688090406;0.718712547524;0.00748984223575;0;0.338743254342;0.41346556655;0.345359530503;0.421804628;0;0
4.7802809e-05;-0.498139345349;-0.707962949247;0.712955725345;0.00750856543541;0;0.343449039523;0.411410508049;0.350148860492;0.419693104019;0;0
4.7922018e-05;-0.50174828222;-0.707336126376;0.712335618693;0.00752728862454;0;0.348081519707;0.409402774126;0.35486002719;0.417629166117;0;0
4.8041227e-05;-0.499002044561;-0.700399999031;0.705358483957;0.00754601180312;0;0.352636843009;0.407441589571;0.359499178538;0.415616802931;0;0
4.8160436e-05;-0.500369485814;-0.697591314327;0.702539961517;0.00756473497111;0;0.35710758609;0.405526163541;0.364056430995;0.413657285892;0;0
4.8279645e-05;-0.499965494208;-0.693039789519;0.697965314229;0.00758345812849;0;0.361503425873;0.40365572569;0.368544725607;0.411750180537;0;0
4.8398854e-05;-0.499922625878;-0.688873964927;0.693779226692;0.00760218127523;0;0.365820068692;0.401829592203;0.372975018967;0.409911584969;0;0
4.8518063e-05;-0.500078254233;-0.684930093188;0.689816719043;0.00762090441132;0;0.370060397085;0.400046891541;0.377285386752;0.40807495112;0;0
4.8637272e-05;-0.499953606864;-0.680731253536;0.685597225324;0.00763962753671;0;0.374224861204;0.398306750396;0.381527798104;0.406291434045;0;0
4.8756481e-05;-0.500018057763;-0.676745194546;0.681592073979;0.00765835065139;0;0.378314127143;0.396608558578;0.385727746821;0.404584755381;0;0
4.887569e-05;-0.499997619445;-0.672698508214;0.677525761707;0.00767707375533;0;0.382329393157;0.394951528133;0.389813243522;0.40288135675;0;0
4.8994899e-05;-0.499996830275;-0.668695384725;0.673503278563;0.0076957968485;0;0.386271152458;0.393334818188;0.393831276497;0.401226424974;0;0
4.9114108e-05;-0.500003487861;-0.66472344849;0.669512155313;0.00771451993087;0;0.390140328977;0.391757690811;0.397767730485;0.399604555844;0;0
4.9233317e-05;-0.499997850856;-0.660762904584;0.665532443521;0.00773324300243;0;0.39393781978;0.390219519257;0.401664242977;0.398055469573;0;0
4.9352526e-05;-0.500000876553;-0.656834501121;0.661585053158;0.00775196606314;0;0.397664480003;0.388719647812;0.405475551347;0.396532678684;0;0
4.9471735e-05;-0.499999854441;-0.652925423034;0.657657069418;0.00777068911298;0;0.401321080496;0.387257323376;0.409213373385;0.395046071827;0;0
4.9590944e-05;-0.499999872578;-0.649040608498;0.653753469947;0.00778941215191;0;0.404908312259;0.385831758954;0.412856950611;0.393573619994;0;0
4.9710153e-05;-0.500000154756;-0.645179142881;0.649873332747;0.00780813517993;0;0.408426932544;0.384442234918;0.416441593238;0.392148920432;0;0
4.9829362e-05;-0.499999900787;-0.64134009226;0.646015717659;0.00782685819699;0;0.411877842749;0.3830881988;0.419981209594;0.390784577591;0;0
4.9948571e-05;-0.500000042291;-0.637524249066;0.642181423066;0.00784558120307;0;0.415261862521;0.381769032779;0.42344487228;0.389448040872;0;0
5.006778e-05;-0.499999991672;-0.633730891464;0.638369722543;0.00786430419816;0;0.418579727255;0.380484050236;0.426839700623;0.388145115421;0;0
5.0186989e-05;-0.499999995003;-0.629960130541;0.634580727791;0.00788302718221;0;0.421832147154;0.379232557185;0.430156348794;0.386864903387;0;0
5.0306198e-05;-0.500000006833;-0.626211786549;0.630814258723;0.0079017501552;0;0.425019831147;0.378013874004;0.433405784617;0.385617060051;0;0
5.0425407e-05;-0.499999995436;-0.622485695086;0.627070149375;0.00792047311711;0;0.428143456229;0.376827305631;0.436573095941;0.384385182438;0;0
5.0544616e-05;-0.500000002029;-0.618781764519;0.623348308468;0.00793919606792;0;0.431203783232;0.375672256846;0.439697566182;0.383207249765;0;0
5.0663825e-05;-0.499999999543;-0.615099836597;0.619648576231;0.00795791900758;0;0.434201583875;0.374548159137;0.442751303529;0.382053933556;0;0
5.0783034e-05;-0.499999999811;-0.611439791984;0.615970833461;0.00797664193609;0;0.437137583182;0.373454413053;0.445749253032;0.380938887913;0;0
5.0902243e-05;-0.5000000003;-0.607801498451;0.612314946608;0.00799536485341;0;0.440012592768;0.372390521237;0.448705442972;0.379874752925;0;0
5.1021452e-05;-0.499999999791;-0.604184825193;0.608680784903;0.00801408775952;0;0.442827299299;0.371355876773;0.451576791651;0.378817172968;0;0
5.1140661e-05;-0.500000000097;-0.60058964586;0.605068220719;0.00803281065438;0;0.445582326696;0.370349825204;0.454386862111;0.377788366692;0;0
5.125987e-05;-0.499999999976;-0.597015831153;0.6014771248;0.00805153353798;0;0.448278341677;0.369371769921;0.457129905352;0.376781331116;0;0
5.1379079e-05;-0.499999999993;-0.593463255001;0.597907369795;0.00807025641028;0;0.450916033308;0.368421151558;0.459820199713;0.375809040303;0;0
5.1498288e-05;-0.500000000013;-0.589931790723;0.594358829082;0.00808897927127;0;0.45349600479;0.367497339612;0.462424866354;0.374837383257;0;0
5.1617497e-05;-0.49999999999;-0.586421313142;0.590831376207;0.00810770212091;0;0.456019096703;0.366599955545;0.46504073074;0.37396191851;0;0
5.1736706e-05;-0.500000000005;-0.582931697289;0.587324886267;0.00812642495918;0;0.458485996339;0.365728481949;0.467544638963;0.373058283067;0;0
5.1855915e-05;-0.499999999999;-0.579462819461;0.583839234292;0.00814514778606;0;0.46089715574;0.364882180434;0.46998256331;0.372171217011;0;0
5.1975124e-05;-0.5;-0.576014556115;0.58037429681;0.00816387060151;0;0.463253312134;0.36406061192;0.472395317042;0.371340348933;0;0
5.2094333e-05;-0.500000000001;-0.572586785065;0.576929950377;0.0081825934055;0;0.465555123187;0.36326327173;0.474728609611;0.370510188783;0;0
5.2213542e-05;-0.5;-0.569179384202;0.57350607296;0.00820131619803;0;0.467803231447;0.362489653894;0.477028655839;0.369725791393;0;0
5.2332751e-05;-0.5;-0.565792232803;0.570102542585;0.00822003897905;0;0.469998403655;0.361739390307;0.479292177364;0.368982710273;0;0
5.245196e-05;-0.5;-0.5624252102;0.566719238668;0.00823876174854;0;0.47214122111;0.361011940949;0.481474299328;0.368234935323;0;0
5.2571169e-05;-0.5;-0.559078197101;0.563356040673;0.00825748450647;0;0.474232206267;0.360306720339;0.483600825662;0.367507132308;0;0
5.2690378e-05;-0.5;-0.555751074267;0.560012829453;0.00827620725282;0;0.476271994892;0.35962326955;0.485683023;0.366809457777;0;0
5.2809587e-05;-0.5;-0.552443723824;0.556689485894;0.00829492998757;0;0.478261253263;0.358961173268;0.487722313777;0.366142224692;0;0
5.2928796e-05;-0.5;-0.549156027941;0.553385892265;0.00831365271068;0;0.480200682169;0.35832006365;0.489729851141;0.365515501079;0;0
5.3048005e-05;-0.5;-0.545887870145;0.55010193086;0.00833237542213;0;0.482090704797;0.357699308071;0.491622666966;0.364845236841;0;0
5.3167214e-05;-0.5;-0.542639133997;0.546837485348;0.0083510981219;0;0.483931887121;0.357098429378;0.493514775985;0.364244386638;0;0
5.3286423e-05;-0.5;-0.539409704409;0.543592439412;0.00836982080995;0;0.485724893613;0.356517061468;0.495336421588;0.363642138749;0;0
5.3405632e-05;-0.5;-0.536199466317;0.540366678104;0.00838854348626;0;0.487470384719;0.355954846627;0.497150219726;0.363100073459;0;0
5.3524841e-05;-0.5;-0.533008306001;0.537160086483;0.00840726615081;0;0.489168905962;0.355411324497;0.498872823337;0.362533814561;0;0
5.364405e-05;-0.5;-0.529836109756;0.533972550966;0.00842598880357;0;0.490820932143;0.354885976147;0.500560141828;0.361998259993;0;0
5.3763259e-05;-0.5;-0.526682765215;0.53080395797;0.0084447114445;0;0.492426961335;0.354378317941;0.502172233612;0.361452464418;0;0
5.3882468e-05;-0.5;-0.523548160017;0.527654195262;0.0084634340736;0;0.49398757965;0.353887966171;0.503770597542;0.360956939098;0;0
5.4001677e-05;-0.5;-0.520432183127;0.5245231506;0.00848215669082;0;0.495503466529;0.353414642223;0.505329832833;0.36048530415;0;0
5.4120886e-05;-0.5;-0.517334723514;0.521410713087;0.00850087929615;0;0.496975182722;0.352957960428;0.506842319747;0.360028975504;0;0
5.4240095e-05;-0.5;-0.514255671464;0.518316771806;0.00851960188955;0;0.498403193083;0.352517450729;0.508290942076;0.359569881846;0;0
5.4359304e-05;-0.5;-0.511194917256;0.515241217178;0.00853832447101;0;0.499787975011;0.352092667003;0.509696442466;0.359127824624;0;0
5.4478513e-05;-0.5;-0.50815235248;0.512183939598;0.00855704704049;0;0.501130163255;0.351683331744;0.511086292764;0.358729344106;0;0
5.4597722e-05;-0.5;-0.505127868711;0.509144830786;0.00857576959797;0;0.502430209727;0.351288995747;0.512388991728;0.358302020185;0;0
5.4716931e-05;-0.5;-0.502121358828;0.506123782435;0.00859449214342;0;0.50368863917;0.350909293663;0.513689218722;0.35792962365;0;0
5.483614e-05;-0.5;-0.499132715689;0.503120687552;0.00861321467681;0;0.504906104315;0.350543999038;0.514950650373;0.357574934565;0;0
5.4955349e-05;-0.5;-0.496161833444;0.500135439107;0.00863193719813;0;0.506083008703;0.350192647006;0.516139228533;0.357203008111;0;0
5.5074558e-05;-0.5;-0.493208606216;0.497167931381;0.00865065970734;0;0.507219753435;0.349854780935;0.517286167892;0.356844184379;0;0
5.5193767e-05;-0.5;-0.490272929415;0.494218058608;0.00866938220441;0;0.508316870962;0.349530086094;0.518402440957;0.356508571129;0;0
5.5312976e-05;-0.5;-0.487354698415;0.491285716326;0.00868810468933;0;0.509374959436;0.349218323895;0.519498898679;0.356206165964;0;0
5.5432185e-05;-0.5;-0.484453809868;0.488370800018;0.00870682716206;0;0.51039451427;0.348919163331;0.520540370506;0.355900954706;0;0
5.5551394e-05;-0.5;-0.481570160384;0.485473206463;0.00872554962258;0;0.511375873157;0.348632125893;0.521516540067;0.35558178843;0;0
5.5670603e-05;-0.5;-0.478703647845;0.482592832379;0.00874427207086;0;0.512319667104;0.348357036487;0.522518907565;0.355339344955;0;0
5.5789812e-05;-0.5;-0.475854170081;0.479729575773;0.00876299450688;0;0.513226335313;0.348093538206;0.523417510922;0.355042849669;0;0
5.5909021e-05;-0.5;-0.473021626188;0.476883334584;0.0087817169306;0;0.514096173862;0.347841140902;0.524288602164;0.354767752493;0;0
5.602823e-05;-0.5;-0.470205915204;0.474054008029;0.00880043934201;0;0.514929831924;0.3475997173;0.525164444988;0.354545525175;0;0
5.6147439e-05;-0.5;-0.467406937423;0.471241495252;0.00881916174108;0;0.515727871771;0.347369062892;0.525995558474;0.354325904132;0;0
5.6266648e-05;-0.5;-0.464624593076;0.468445696671;0.00883788412778;0;0.516490645714;0.347148772775;0.526769826847;0.35409600106;0;0
5.6385857e-05;-0.5;-0.461858783644;0.465666512621;0.00885660650208;0;0.517218441039;0.346938386477;0.527481905777;0.35384970856;0;0
5.6505066e-05;-0.5;-0.459109410535;0.462903844702;0.00887532886396;0;0.517911851857;0.346737759708;0.52822248735;0.353676965739;0;0
5.6624275e-05;-0.5;-0.456376376401;0.460157594427;0.00889405121339;0;0.518571327194;0.346546612348;0.52887498648;0.353460443045;0;0
5.6743484e-05;-0.5;-0.453659583816;0.457427664567;0.00891277355035;0;0.519197232608;0.346364589961;0.529520297069;0.353280300125;0;0
5.6862693e-05;-0.5;-0.450958936587;0.454713957797;0.0089314958748;0;0.519790117703;0.346191531207;0.530140277852;0.3531176702;0;0
5.6981902e-05;-0.5;-0.448274338441;0.452016378044;0.00895021818673;0;0.520350396231;0.346027147851;0.530715719074;0.352952627245;0;0
5.7101111e-05;-0.5;-0.445605694328;0.449334829132;0.00896894048611;0;0.520878372948;0.34587105151;0.531235444668;0.352773287883;0;0
5.722032e-05;-0.5;-0.44295290911;0.446669216132;0.00898766277291;0;0.521374399436;0.345722909389;0.531723825962;0.352603325291;0;0
5.7339529e-05;-0.5;-0.440315888871;0.444019444003;0.0090063850471;0;0.521838980598;0.345582550672;0.532203530114;0.352464717229;0;0
5.7458738e-05;-0.5;-0.437694539595;0.441385418945;0.00902510730866;0;0.522272706207;0.345449897983;0.532680205384;0.352362431304;0;0
5.7577947e-05;-0.5;-0.435088768481;0.438767047039;0.00904382955756;0;0.522675881031;0.345324597405;0.533072961141;0.352214904479;0;0
5.7697156e-05;-0.5;-0.432498482625;0.436164235601;0.00906255179378;0;0.52304884709;0.345206340656;0.533464326085;0.352104002279;0;0
5.7816365e-05;-0.5;-0.429923590329;0.43357689182;0.00908127401729;0;0.523392060632;0.345094941964;0.533815433416;0.351990202664;0;0
5.7935574e-05;-0.5;-0.427363999786;0.431004924114;0.00909999622805;0;0.523705874147;0.344990119994;0.534133702116;0.35188027796;0;0
5.8054783e-05;-0.5;-0.42481962039;0.428448240771;0.00911871842606;0;0.523990703409;0.3448916648;0.534431814902;0.351786272474;0;0
5.8173992e-05;-0.5;-0.422290361417;0.425906751295;0.00913744061128;0;0.52424682444;0.344799234691;0.534662232874;0.351660016875;0;0
5.8293201e-05;-0.5;-0.419776133337;0.423380365057;0.00915616278368;0;0.524474673081;0.344712655726;0.534911923537;0.351587856814;0;0
5.841241e-05;-0.5;-0.417276846498;0.420868992638;0.00917488494324;0;0.52467469838;0.344631775003;0.535110542158;0.351498833115;0;0
5.8531619e-05;-0.5;-0.414792412437;0.41837254448;0.00919360708993;0;0.524847353538;0.344556451527;0.535322533022;0.351456784026;0;0
5.8650828e-05;-0.5;-0.412322742559;0.415890932228;0.00921232922373;0;0.524992846903;0.344486307109;0.535426374598;0.351339589094;0;0
5.8770037e-05;-0.5;-0.409867749453;0.413424067378;0.0092310513446;0;0.525111463685;0.344421048004;0.535550643138;0.351275234337;0;0
5.8889246e-05;-0.5;-0.407427345569;0.410971862629;0.00924977345253;0;0.525203758448;0.344360657312;0.53565867974;0.351226477642;0;0
5.9008455e-05;-0.5;-0.405001444537;0.408534230521;0.00926849554749;0;0.525270159811;0.344304999602;0.535749984565;0.351192243642;0;0
5.9127664e-05;-0.5;-0.402589959842;0.406111084791;0.00928721762945;0;0.525310937195;0.344253787568;0.535783130198;0.351130536722;0;0
5.9246873e-05;-0.5;-0.400192806139;0.403702339012;0.00930593969838;0;0.52532635251;0.344206733643;0.535793726561;0.351076406288;0;0
5.9366082e-05;-0.5;-0.397809897934;0.401307907947;0.00932466175425;0;0.525316788795;0.344163678552;0.535785456947;0.351032982314;0;0
5.9485291e-05;-0.5;-0.395441150899;0.39892770619;0.00934338379706;0;0.525282555692;0.344124396708;0.535736680632;0.350978077876;0;0
5.96045e-05;-0.5;-0.39308648055;0.396561649516;0.00936210582675;0;0.52522410218;0.344088808869;0.535706105342;0.35096986197;0;0
5.9723709e-05;-0.5;-0.390745803559;0.394209653529;0.00938082784332;0;0.525141768069;0.344056733548;0.535614368633;0.350928439944;0;0
5.9842918e-05;-0.5;-0.388419036441;0.391871635005;0.00939954984672;0;0.525035817446;0.344027920386;0.535511542156;0.350903358738;0;0
5.9962127e-05;-0.5;-0.386106096861;0.389547510545;0.00941827183695;0;0.524906523174;0.344002134571;0.535357806312;0.350854280599;0;0
6.0081336e-05;0.0432487017455;0.155253764144;-0.156934698041;0.00943699381396;0;0.523324343131;0.344559329025;0.533834261823;0.351381067118;0;0
6.0200545e-05;0.650990414679;0.757417716063;-0.764819175441;0.00945571577774;0;0.520321665999;0.347952505996;0.530811114624;0.354718956832;0;0
6.0319754e-05;0.500174634407;0.60326451098;-0.609209577306;0.00947443772826;0;0.517366317102;0.352988982549;0.527761467276;0.359857487521;0;0
6.0438963e-05;0.455800367914;0.555629527894;-0.561128477686;0.00949315966549;0;0.514461150689;0.357209178825;0.524818647129;0.364205218266;0;0
6.0558172e-05;0.538901428779;0.634792008133;-0.641054968056;0.0095118815894;0;0.511603269458;0.361498167196;0.521891462274;0.368544959067;0;0
6.0677381e-05;0.478610410405;0.571185319115;-0.576848180256;0.00953060349997;0;0.50879282028;0.36579544309;0.519050629875;0.372974824271;0;0
6.079659e-05;0.507502258394;0.596455776701;-0.602369004795;0.00954932539718;0;0.506028895951;0.369898052477;0.516212601739;0.377136519512;0;0
6.0915799e-05;0.499627991294;0.58509350074;-0.590905947318;0.00956804728099;0;0.503310476058;0.374004228906;0.513420929177;0.3813106497;0;0
6.1035008e-05;0.498139345349;0.580134106881;-0.585907103266;0.00958676915139;0;0.500637090235;0.378000301339;0.51069995005;0.385396889124;0;0
6.1154217e-05;0.50174828222;0.580263198506;-0.586045752443;0.00960549100833;0;0.498007966771;0.381930555576;0.50801457271;0.389403849516;0;0
6.1273426e-05;0.499002044561;0.574085078105;-0.579816279795;0.00962421285181;0;0.495422515691;0.385791097768;0.505402066652;0.393370537593;0;0
6.1392635e-05;0.500369485814;0.572025633646;-0.577745238347;0.00964293468179;0;0.492880028321;0.389574331095;0.502807146686;0.397230420357;0;0
6.1511844e-05;0.499965494208;0.568220731804;-0.573911794703;0.00966165649824;0;0.490379735695;0.393289827459;0.500257236637;0.401024032363;0;0
6.1631053e-05;0.499922625878;0.564796719105;-0.57046288012;0.00968037830114;0;0.487920971523;0.396933085994;0.497749112429;0.404742922909;0;0
6.1750262e-05;0.500078254233;0.561590045174;-0.567233370286;0.00969910009046;0;0.485502931673;0.400506897799;0.495247297932;0.408355947572;0;0
6.1869471e-05;0.499953606864;0.558124312755;-0.563742227969;0.00971782186618;0;0.483125093386;0.404011886251;0.492854216773;0.411966278007;0;0
6.198868e-05;0.500018057763;0.554866808413;-0.560461295543;0.00973654362827;0;0.480786904881;0.40744860054;0.490469825952;0.415475364218;0;0
6.2107889e-05;0.499997619445;0.551544435068;-0.557114810397;0.00975526537671;0;0.478487587379;0.410818081361;0.488115645721;0.418906212307;0;0
6.2227098e-05;0.499996830275;0.548261299807;-0.553807896988;0.00977398711146;0;0.476226535719;0.414120887613;0.485816603091;0.422285301816;0;0
6.2346307e-05;0.500003487861;0.545005065384;-0.550528098745;0.0097927088325;0;0.474003047178;0.417357813627;0.483520860468;0.425561981517;0;0
6.2465516e-05;0.499997850856;0.541755982797;-0.547255472002;0.00981143053981;0;0.471816532353;0.420529630134;0.481301058937;0.428810585642;0;0
6.2584725e-05;0.500000876553;0.538534803653;-0.54401097364;0.00983015223336;0;0.469666417003;0.423637112256;0.479094642767;0.431969668381;0;0
6.2703934e-05;0.499999854441;0.535328751227;-0.540781700601;0.00984887391312;0;0.467552071316;0.42668099504;0.476937620574;0.435076861624;0;0
6.2823143e-05;0.499999872578;0.532142783378;-0.537572660654;0.00986759557907;0;0.465473021224;0.429662125171;0.474837927483;0.438141248608;0;0
6.2942352e-05;0.500000154756;0.52897601111;-0.534382955666;0.00988631723118;0;0.463428671421;0.432581229207;0.472752294033;0.441121081439;0;0
6.3061561e-05;0.499999900787;0.525827526015;-0.531211669173;0.00990503886942;0;0.461418276786;0.435438862887;0.470674064634;0.444010881263;0;0
6.318077e-05;0.500000042291;0.522698144085;-0.528059624913;0.00992376049377;0;0.459441308781;0.438235784163;0.468664963767;0.446873816456;0;0
6.3299979e-05;0.499999991672;0.519587168488;-0.524926120088;0.0099424821042;0;0.457497359218;0.440972857907;0.46670107243;0.449687152245;0;0
6.3419188e-05;0.499999995003;0.516494734295;-0.521811290747;0.00996120370068;0;0.455585760835;0.443650674066;0.464729292344;0.452399173127;0;0
6.3538397e-05;0.500000006833;0.513420685908;-0.518714980711;0.0099799252832;0;0.453705990399;0.446269952953;0.462832173699;0.4550936107;0;0
6.3657606e-05;0.499999995436;0.510364882909;-0.515637047788;0.00999864685171;0;0.451857510818;0.448831386462;0.460930866299;0.457692944917;0;0
6.3776815e-05;0.500000002029;0.507327257441;-0.512577424412;0.0100173684062;0;0.45003970414;0.451335571548;0.459068947878;0.460241926526;0;0
6.3896024e-05;0.499999999543;0.504307674949;-0.50953597431;0.0100360899467;0;0.448252145024;0.453783283857;0.457258118315;0.462753538794;0;0
6.4015233e-05;0.499999999811;0.501306039619;-0.506512601677;0.010054811473;0;0.446494331214;0.456175208236;0.455464291244;0.465194855885;0;0
6.4134442e-05;0.5000000003;0.498322242613;-0.50350719621;0.0100735329853;0;0.444765619082;0.458511874513;0.453675511733;0.46755516432;0;0
6.4253651e-05;0.499999999791;0.495356176384;-0.500519650248;0.0100922544834;0;0.443065478094;0.460793912061;0.451930122142;0.469873951321;0;0
6.437286e-05;0.500000000097;0.492407737689;-0.497549859138;0.0101109759674;0;0.44139358303;0.463022142165;0.450248133439;0.472172431242;0;0
6.4492069e-05;0.499999999976;0.489476820213;-0.49459771646;0.0101296974372;0;0.439749394668;0.465197158857;0.448550855942;0.47437304132;0;0
6.4611278e-05;0.499999999993;0.48656332072;-0.491663117562;0.0101484188928;0;0.438132375043;0.467319544305;0.4469044247;0.476543085032;0;0
6.4730487e-05;0.500000000013;0.483667135238;-0.488745958388;0.0101671403342;0;0.43654226296;0.469390144462;0.445324269111;0.478699099018;0;0
6.4849696e-05;0.49999999999;0.480788161155;-0.485846134916;0.0101858617613;0;0.434978427418;0.471409422633;0.44369311425;0.480724944436;0;0
6.4968905e-05;0.500000000005;0.477926295941;-0.48296354454;0.0102045831741;0;0.433440316876;0.473377908878;0.442132118809;0.482742866413;0;0
6.5088114e-05;0.499999999999;0.475081438194;-0.480098084456;0.0102233045726;0;0.43192753708;0.475296277954;0.440575938887;0.484688626639;0;0
6.5207323e-05;0.5;0.472253486541;-0.477249653225;0.0102420259567;0;0.430439699924;0.477165198328;0.439080789637;0.486619505263;0;0
6.5326532e-05;0.500000000001;0.469442340835;-0.474418149307;0.0102607473265;0;0.428976420233;0.478985329081;0.437595973822;0.488485881837;0;0
6.5445741e-05;0.5;0.466647900873;-0.471603472441;0.0102794686819;0;0.427537064497;0.480757068774;0.436095124469;0.490262432564;0;0
6.556495e-05;0.5;0.463870067708;-0.468805522296;0.0102981900229;0;0.426121209417;0.482481014121;0.434656071037;0.492028036125;0;0
6.5684159e-05;0.5;0.46110874232;-0.466024199803;0.0103169113495;0;0.424728563535;0.484157881747;0.433244637407;0.493749537456;0;0
6.5803368e-05;0.5;0.458363826937;-0.463259405812;0.0103356326616;0;0.4233587895;0.485788330576;0.431875853962;0.495442989959;0;0
6.5922577e-05;0.5;0.455635223711;-0.460511042436;0.0103543539591;0;0.422011322868;0.487372780762;0.430472008193;0.497031680085;0;0
6.6041786e-05;0.5;0.452922836028;-0.457779011696;0.0103730752422;0;0.420685708581;0.488911750288;0.429128261902;0.498611767272;0;0
6.6160995e-05;0.5;0.4502265672;-0.455063216866;0.0103917965107;0;0.419381541482;0.4904057956;0.427772837569;0.500112450863;0;0
6.6280204e-05;0.5;0.44754632176;-0.452363561125;0.0104105177646;0;0.418098500497;0.491855545913;0.42648911277;0.501618081666;0;0
6.6399413e-05;0.5;0.444882004162;-0.449679948899;0.010429239004;0;0.416836281386;0.493261636077;0.425206809359;0.503059336478;0;0
6.6518622e-05;0.5;0.442233520075;-0.447012284509;0.0104479602287;0;0.415594349846;0.494624459812;0.42392198916;0.504433226867;0;0
6.6637831e-05;0.5;0.439600775079;-0.444360473518;0.0104666814387;0;0.414372334138;0.495944562432;0.422680191914;0.50578622564;0;0
6.675704e-05;0.5;0.436983675966;-0.441724421376;0.0104854026341;0;0.41316992094;0.497222536831;0.42145552599;0.507093368002;0;0
6.6876249e-05;0.5;0.434382129433;-0.43910403477;0.0105041238147;0;0.411986711261;0.498458879501;0.420244999822;0.508352574132;0;0
6.6995458e-05;0.5;0.431796043378;-0.436499220265;0.0105228449807;0;0.410822360554;0.499654130766;0.419063958871;0.509580093954;0;0
6.7114667e-05;0.5;0.4292253256;-0.433909885659;0.0105415661319;0;0.409676592232;0.500808888406;0.41791558154;0.510779996515;0;0
6.7233876e-05;0.5;0.426669885093;-0.431335938622;0.0105602872682;0;0.408548944665;0.501923554769;0.416744355025;0.511897651901;0;0
6.7353085e-05;0.5;0.424129630745;-0.428777288045;0.0105790083898;0;0.407439055574;0.502998621272;0.4156237102;0.513007360747;0;0
6.7472294e-05;0.5;0.421604472632;-0.42623384269;0.0105977294966;0;0.406346579376;0.504034585859;0.414492088604;0.514048426329;0;0
6.7591503e-05;0.5;0.419094320717;-0.423705512532;0.0106164505884;0;0.405271116736;0.505031882657;0.413386420683;0.515058628545;0;0
6.7710712e-05;0.5;0.416599086146;-0.421192207409;0.0106351716654;0;0.404212488969;0.505991156487;0.412332946443;0.516065048291;0;0
6.7829921e-05;0.5;0.414118679945;-0.418693838368;0.0106538927275;0;0.403170302393;0.506912827328;0.411248078818;0.51698492822;0;0
6.794913e-05;0.5;0.411653014317;-0.41621031631;0.0106726137746;0;0.402144053724;0.507797195808;0.410172593187;0.517859864408;0;0
6.8068339e-05;0.5;0.409202001339;-0.413741553342;0.0106913348068;0;0.401133658034;0.508644971271;0.409183499164;0.518767676184;0;0
6.8187548e-05;0.5;0.406765554259;-0.411287461415;0.0107100558239;0;0.400138776517;0.509456599648;0.408142464182;0.519570832398;0;0
6.8306757e-05;0.5;0.404343586189;-0.408847953682;0.0107287768261;0;0.399158970316;0.510232417381;0.407140805996;0.520361441248;0;0
6.8425966e-05;0.5;0.40193601141;-0.406422943136;0.0107474978132;0;0.398194111016;0.510973062022;0.406181980359;0.52114374031;0;0
6.8545175e-05;0.5;0.399542744062;-0.404012343959;0.0107662187852;0;0.397243931252;0.511679022936;0.405223346649;0.521875860872;0;0
6.8664384e-05;0.5;0.397163699444;-0.401616070173;0.0107849397421;0;0.396308035366;0.512350652061;0.404265159067;0.522558820154;0;0
6.8783593e-05;0.5;0.39479879271;-0.399234036982;0.0108036606839;0;0.395386065916;0.512988330513;0.403315725478;0.523201679331;0;0
6.8902802e-05;0.5;0.392447940166;-0.396866159421;0.0108223816105;0;0.394477636344;0.513592401353;0.402357928933;0.523788066116;0;0
6.9022011e-05;0.5;0.390111057967;-0.394512353703;0.010841102522;0;0.393582472522;0.514163311226;0.401435651212;0.524362597407;0;0
6.914122e-05;0.5;0.387788063415;-0.392172535868;0.0108598234183;0;0.392700478678;0.51470167638;0.400557879255;0.524934986736;0;0
6.9260429e-05;0.5;0.385478873657;-0.389846623124;0.0108785442993;0;0.391831338145;0.515207883519;0.399654800694;0.525436139445;0;0
6.9379638e-05;0.5;0.383183406977;-0.387534532501;0.010897265165;0;0.390974767044;0.515682343568;0.398794589256;0.525934938091;0;0
6.9498847e-05;0.5;0.380901581498;-0.385236182194;0.0109159860155;0;0.390130646314;0.5161256238;0.397961347072;0.526416185016;0;0
6.9618056e-05;0.5;0.37863331648;-0.382951490212;0.0109347068507;0;0.38929861009;0.516538036307;0.397099859436;0.526825357477;0;0
6.9737265e-05;0.5;0.376378531011;-0.380680375723;0.0109534276705;0;0.388478359877;0.516919952266;0.396275006219;0.527228018348;0;0
6.9856474e-05;0.5;0.37413714531;-0.378422757704;0.010972148475;0;0.38766971092;0.517271848387;0.395459753084;0.52759780833;0;0
6.9975683e-05;0.5;0.371909079422;-0.376178556284;0.0109908692641;0;0.386872177137;0.517593891953;0.394593549228;0.527874843367;0;0
7.0094892e-05;0.5;0.369694254515;-0.373947691396;0.0110095900378;0;0.386085656516;0.517886626285;0.393832678863;0.528216065698;0;0
7.0214101e-05;0.5;0.367492591576;-0.371730084121;0.011028310796;0;0.38530999641;0.518150536138;0.3930256463;0.528470630379;0;0
7.033331e-05;0.5;0.365304012712;-0.369525655336;0.0110470315387;0;0.384544887755;0.518385942003;0.392260377198;0.528727105178;0;0
7.0452519e-05;0.5;0.363128439843;-0.36733432706;0.011065752266;0;0.383790169251;0.518593304363;0.391499114787;0.528948367817;0;0
7.0571728e-05;0.5;0.360965796003;-0.365156021106;0.0110844729778;0;0.383045508038;0.518772904468;0.390726397433;0.529119583313;0;0
7.0690937e-05;0.5;0.358816004033;-0.36299066042;0.011103193674;0;0.382310566325;0.51892501104;0.389952738075;0.529251883376;0;0
7.0810146e-05;0.5;0.356678987883;-0.360838167736;0.0111219143546;0;0.381585172233;0.519050051192;0.38921288579;0.529380628155;0;0
7.0929355e-05;0.5;0.354554671303;-0.358698466919;0.0111406350196;0;0.380869290245;0.519148580972;0.388512664302;0.52951224491;0;0
7.1048564e-05;0.5;0.35244297915;-0.356571481614;0.011159355669;0;0.380162681134;0.519220945365;0.387790049705;0.529585306018;0;0
7.1167773e-05;0.5;0.350343836074;-0.354457136592;0.0111780763028;0;0.379464942894;0.519267319307;0.387053077496;0.529608435598;0;0
7.1286982e-05;0.5;0.348257167825;-0.3523553564;0.0111967969208;0;0.378775848815;0.519288045837;0.386341161576;0.529621628755;0;0
7.1406191e-05;0.5;0.346182899942;-0.350266066704;0.0112155175232;0;0.378095288685;0.519283577378;0.385650543357;0.529621700964;0;0
7.15254e-05;0.5;0.344120959059;-0.34818919294;0.0112342381098;0;0.377423089841;0.519254296864;0.384966242354;0.529594238677;0;0
7.1644609e-05;0.5;0.342071271595;-0.346124661659;0.0112529586807;0;0.376759178029;0.519200678681;0.384327121912;0.529578664889;0;0
7.1763818e-05;0.5;0.340033765055;-0.344072399177;0.0112716792358;0;0.376103229385;0.519122940725;0.383629728354;0.529472079021;0;0
7.1883027e-05;0.5;0.338008366728;-0.342032332921;0.0112903997751;0;0.37545498906;0.519021363095;0.382981782845;0.529382747703;0;0
7.2002236e-05;0.5;0.33599500498;-0.340004390074;0.0113091202986;0;0.37481426198;0.518896278937;0.382304360319;0.529232285073;0;0
7.2121445e-05;0.5;0.333993607958;-0.337988498927;0.0113278408062;0;0.374180822049;0.51874798371;0.381656585094;0.529080347404;0;0
7.2240654e-05;0.5;0.332004104883;-0.335984587524;0.0113465612979;0;0.373554617909;0.518576941029;0.381033569561;0.528922572541;0;0
7.2359863e-05;0.5;0.330026424748;-0.333992585008;0.0113652817737;0;0.372935520713;0.518383530508;0.380417381331;0.528741546936;0;0
7.2479072e-05;0.5;0.328060497617;-0.332012420271;0.0113840022335;0;0.372323221384;0.518167945086;0.379773127866;0.528502890381;0;0
7.2598281e-05;0.5;0.32610625332;-0.330044023301;0.0114027226774;0;0.371717428118;0.517930388606;0.379134597994;0.528240897308;0;0
7.271749e-05;0.5;0.324163622753;-0.328087323829;0.0114214431053;0;0.371118125397;0.517671334896;0.378546803421;0.528001078566;0;0
7.2836699e-05;0.5;0.322232536576;-0.326142252676;0.0114401635172;0;0.370525180472;0.517391134322;0.377937472362;0.527711655531;0;0
7.2955908e-05;0.5;0.320312926506;-0.324208740402;0.011458883913;0;0.369938396957;0.517090067449;0.377351164992;0.527417674878;0;0
7.3075117e-05;0.5;0.31840472402;-0.322286718652;0.0114776042927;0;0.36935751589;0.516768346177;0.376730684104;0.52706242001;0;0
7.3194326e-05;0.5;0.31650786165;-0.320376118803;0.0114963246564;0;0.368782414018;0.516426312081;0.37616193855;0.526732273776;0;0
7.3313535e-05;0.5;0.314622271681;-0.318476873315;0.0115150450039;0;0.368212971512;0.516064304205;0.375569930412;0.526352706697;0;0
7.3432744e-05;0.5;0.312747887447;-0.316588914376;0.0115337653353;0;0.367648910873;0.515682498029;0.374975847763;0.525945368958;0;0
7.3551953e-05;0.5;0.310884642032;-0.314712175249;0.0115524856505;0;0.367090219347;0.515281327946;0.374432624456;0.525563650472;0;0
7.3671162e-05;0.5;0.309032469565;-0.312846588921;0.0115712059495;0;0.366536744578;0.514861082986;0.373855009876;0.525122751261;0;0
7.3790371e-05;0.5;0.307191303919;-0.31099208945;0.0115899262323;0;0.365988274514;0.514421986783;0.373300000537;0.524680112189;0;0
7.390958e-05;0.5;0.305361080005;-0.309148610614;0.0116086464988;0;0.365444784558;0.513964444786;0.372768223224;0.524236798827;0;0
7.4028789e-05;0.5;0.303541732478;-0.307316087257;0.0116273667491;0;0.364906034843;0.513488641606;0.37219929948;0.523732866018;0;0
7.4147998e-05;0.5;0.301733197024;-0.305494453935;0.011646086983;0;0.364371746287;0.512994717122;0.371634006626;0.523209518427;0;0
7.4267207e-05;0.5;0.299935409067;-0.30368364627;0.0116648072006;0;0.363841927468;0.512483093428;0.371114529303;0.522709362476;0;0
7.4386416e-05;0.5;0.298148305062;-0.30188359959;0.0116835274018;0;0.363316572927;0.511954173187;0.370599561289;0.522191508496;0;0
7.4505625e-05;0.5;0.296371821192;-0.300094250282;0.0117022475867;0;0.362795477485;0.511408154015;0.37006965258;0.521636917529;0;0
7.4624834e-05;0.5;0.294605894668;-0.298315534439;0.0117209677551;0;0.362278372036;0.510845164332;0.369523188696;0.521044380705;0;0
7.4744043e-05;0.5;0.292850462427;-0.296547389204;0.0117396879071;0;0.361765206769;0.510265546641;0.369020628388;0.520474756872;0;0
7.4863252e-05;0.5;0.291105462429;-0.294789751424;0.0117584080426;0;0.36125579326;0.509669499684;0.368470445435;0.519836915135;0;0
7.4982461e-05;0.5;0.289370832353;-0.29304255899;0.0117771281617;0;0.360750021804;0.509057295823;0.367973126965;0.519231732136;0;0
7.510167e-05;0.5;0.287646510897;-0.291305749493;0.0117958482642;0;0.360247850845;0.508429270534;0.367458883835;0.518589803653;0;0
7.5220879e-05;0.5;0.285932436476;-0.289579261566;0.0118145683502;0;0.359749011409;0.507785526893;0.366925494444;0.517909287709;0;0
7.5340088e-05;0.5;0.284228548519;-0.287863033535;0.0118332884196;0;0.359253542602;0.507126471136;0.366458362407;0.517275962236;0;0
7.5459297e-05;0.5;0.282534786166;-0.286157004763;0.0118520084724;0;0.358761283635;0.50645230473;0.365927583841;0.516560293391;0;0
7.5578506e-05;0.5;0.280851089567;-0.284461114304;0.0118707285086;0;0.358272044939;0.505763195552;0.36543771469;0.515867201495;0;0
7.5697715e-05;0.5;0.279177398581;-0.282775302243;0.0118894485281;0;0.35778576528;0.505059435051;0.364931825185;0.51514011682;0;0
7.5816924e-05;0.5;0.277513654069;-0.281099508351;0.011908168531;0;0.357302411097;0.504341337646;0.364466502941;0.514435981854;0;0
7.5936133e-05;0.5;0.2758597966;-0.27943367343;0.0119268885171;0;0.356821871439;0.503609135711;0.363970509603;0.513683908778;0;0
7.6055342e-05;0.5;0.27421576774;-0.277777737959;0.0119456084865;0;0.356343839539;0.502862861207;0.363451486366;0.512891884376;0;0
7.6174551e-05;0.5;0.272581508758;-0.276131643445;0.0119643284392;0;0.355868303137;0.50210283605;0.362982485336;0.512133301499;0;0
7.629376e-05;0.5;0.270956961917;-0.274495331069;0.0119830483751;0;0.355395165328;0.501329293019;0.362475973241;0.511320963539;0;0
7.6412969e-05;0.5;0.269342069177;-0.272868743035;0.0120017682942;0;0.354924410121;0.500542541359;0.36202982367;0.510553075631;0;0
7.6532178e-05;0.5;0.267736773489;-0.271251821217;0.0120204881965;0;0.354455999791;0.499742864186;0.361552125081;0.509738053888;0;0
7.6651387e-05;0.5;0.266141017497;-0.269644508508;0.0120392080819;0;0.353989737484;0.498930381145;0.361078804442;0.508912148104;0;0
7.6770596e-05;0.5;0.264554744833;-0.268046747467;0.0120579279504;0;0.353525531386;0.498105312626;0.360606469313;0.508072284401;0;0
7.6889805e-05;0.5;0.262977898817;-0.266458481667;0.012076647802;0;0.353063169868;0.497267754955;0.360104513398;0.5071881708;0;0
7.7009014e-05;0.5;0.261410423751;-0.264879654345;0.0120953676366;0;0.352602605724;0.496417964684;0.359643882463;0.506331062789;0;0
7.7128223e-05;0.5;0.259852263624;-0.263310209745;0.0121140874543;0;0.352143888308;0.495556290776;0.359188607064;0.505465296739;0;0
7.7247432e-05;0.5;0.258303363402;-0.261750091774;0.012132807255;0;0.351686840035;0.494682851154;0.35870738788;0.504559874942;0;0
7.7366641e-05;-0.0432487017455;-0.281561881033;0.284707768311;0.0121515270387;0;0.352278330235;0.492830992591;0.359252280137;0.502744230019;0;0
7.748585e-05;-0.650990414679;-0.882152779253;0.892655361156;0.0121702468054;0;0.35614425578;0.490030326472;0.363051847631;0.499904645138;0;0
7.7605059e-05;-0.500174634407;-0.727462382854;0.736081989249;0.0121889665549;0;0.361628947172;0.487283090472;0.368667512953;0.497087005143;0;0
7.7724268e-05;-0.455800367914;-0.679149390884;0.687186853271;0.0122076862874;0;0.36629929295;0.484591983647;0.37344404714;0.494332162697;0;0
7.7843477e-05;-0.538901428779;-0.757465358752;0.766476677604;0.0122264060028;0;0.371030963436;0.481954015444;0.37826993209;0.491663093781;0;0
7.7962686e-05;-0.478610410405;-0.693211247324;0.701442947952;0.012245125701;0;0.375764132906;0.479369154526;0.383109855391;0.489017746361;0;0
7.8081895e-05;-0.507502258394;-0.717717438742;0.726262436157;0.012263845382;0;0.380298016758;0.476836267496;0.387713914786;0.486417284722;0;0
7.8201104e-05;-0.499627991294;-0.70564519208;0.714052456572;0.0122825650459;0;0.384828922554;0.474354351716;0.392334620052;0.483879943928;0;0
7.8320313e-05;-0.498139345349;-0.699971406742;0.708319769124;0.0123012846925;0;0.389244397233;0.471922723492;0.39683079704;0.481387278315;0;0
7.8439522e-05;-0.50174828222;-0.699383452854;0.707735835424;0.0123200043218;0;0.393588402737;0.469540570536;0.401295059101;0.478988789917;0;0
7.8558731e-05;-0.499002044561;-0.692501148914;0.70077947326;0.0123387239339;0;0.397857101645;0.467207122118;0.405653553718;0.476608416504;0;0
7.867794e-05;-0.500369485814;-0.689736138659;0.697991429045;0.0123574435287;0;0.402042836634;0.464921334638;0.40989565657;0.474246705343;0;0
7.8797149e-05;-0.499965494208;-0.685232261203;0.693442846408;0.0123761631061;0;0.406155359317;0.462682534766;0.414130493871;0.471999395904;0;0
7.8916358e-05;-0.499922625878;-0.681112938094;0.689283531343;0.0123948826662;0;0.410190294622;0.460489945868;0.418233153477;0.469746737826;0;0
7.9035567e-05;-0.500078254233;-0.677214817133;0.685348111419;0.0124136022089;0;0.414150382965;0.458342560519;0.422248276553;0.467528725944;0;0
7.9154776e-05;-0.499953606864;-0.673062126086;0.68115487474;0.0124323217342;0;0.418036408593;0.456239839951;0.426263725329;0.465432434353;0;0
7.9273985e-05;-0.500018057763;-0.669121489625;0.677176276222;0.012451041242;0;0.421848819216;0.454180955896;0.430122615614;0.463299184903;0;0
7.9393194e-05;-0.499997619445;-0.665120158717;0.673136156153;0.0124697607324;0;0.425588807862;0.452165117201;0.433970659446;0.461273141867;0;0
7.9512403e-05;-0.499996830275;-0.661162074172;0.6691397565;0.0124884802053;0;0.429256897878;0.450191513597;0.437674170389;0.459218801184;0;0
7.9631612e-05;-0.500003487861;-0.657234891435;0.665174579529;0.0125071996607;0;0.432854048636;0.448259443853;0.441378408126;0.457280149355;0;0
7.9750821e-05;-0.499997850856;-0.653318864444;0.661220630444;0.0125259190985;0;0.436381126881;0.446368251834;0.444967881926;0.455339766694;0;0
7.987003e-05;-0.500000876553;-0.649434692651;0.657298870384;0.0125446385188;0;0.439838742579;0.444517037558;0.448475381834;0.453429230368;0;0
7.9989239e-05;-0.499999854441;-0.645569593046;0.653396354959;0.0125633579215;0;0.443227767231;0.442705149526;0.451939002981;0.451584797665;0;0
8.0108448e-05;-0.499999872578;-0.641728493159;0.649518074936;0.0125820773066;0;0.446549120397;0.440932030143;0.455350250666;0.449796712688;0;0
8.0227657e-05;-0.500000154756;-0.637910481773;0.645663107347;0.012600796674;0;0.449803458571;0.439196859868;0.458643769382;0.447997900423;0;0
8.0346866e-05;-0.499999900787;-0.634114628433;0.641830511009;0.0126195160237;0;0.452991540238;0.437498944106;0.461909523785;0.446277028912;0;0
8.0466075e-05;-0.500000042291;-0.630341724863;0.638021087431;0.0126382353557;0;0.456114302558;0.435837783315;0.465121439375;0.444606395618;0;0
8.0585284e-05;-0.499999991672;-0.62659105217;0.634234109659;0.01265695467;0;0.459172327023;0.434212537698;0.468208107559;0.442913283392;0;0
8.0704493e-05;-0.499999995003;-0.62286272236;0.630469690865;0.0126756739666;0;0.46216627741;0.432622467536;0.471257901056;0.441284509391;0;0
8.0823702e-05;-0.500000006833;-0.61915655731;0.626727651726;0.0126943932454;0;0.46509702406;0.43106705528;0.474253485605;0.439701431234;0;0
8.0942911e-05;-0.499999995436;-0.615472394182;0.623007827068;0.0127131125064;0;0.467965374009;0.42954573654;0.477196332367;0.438164026646;0;0
8.106212e-05;-0.500000002029;-0.611810142745;0.619310126575;0.0127318317495;0;0.47077208264;0.428057911243;0.480074476532;0.436659030044;0;0
8.1181329e-05;-0.499999999543;-0.608169646283;0.615634391269;0.0127505509748;0;0.473517718328;0.426602808094;0.482850398589;0.435147483314;0;0
8.1300538e-05;-0.499999999811;-0.604550786913;0.611980502826;0.0127692701822;0;0.476202921942;0.425179744014;0.485579767049;0.433683766786;0;0
8.1419747e-05;-0.5000000003;-0.600953433867;0.60834832854;0.0127879893717;0;0.478828619964;0.423788337021;0.488295546442;0.432299455426;0;0
8.1538956e-05;-0.499999999791;-0.597377457806;0.60473773848;0.0128067085432;0;0.481395393134;0.422427874742;0.490877730661;0.43087327127;0;0
8.1658165e-05;-0.500000000097;-0.593822733812;0.601148605861;0.0128254276968;0;0.483903885386;0.421097723173;0.493451362185;0.42952891152;0;0
8.1777374e-05;-0.499999999976;-0.590289134036;0.597580802256;0.0128441468325;0;0.486354866494;0.419797389177;0.495944977669;0.42819366047;0;0
8.1896583e-05;-0.499999999993;-0.586776533825;0.594034201145;0.01286286595;0;0.488749024937;0.418526313182;0.498401928963;0.426909565014;0;0
8.2015792e-05;-0.500000000013;-0.583284807928;0.590508676726;0.0128815850496;0;0.491087057248;0.417283958375;0.500789745441;0.425642923717;0;0
8.2135001e-05;-0.49999999999;-0.57981383257;0.587004103363;0.0129003041311;0;0.493369621224;0.416069763757;0.503129268086;0.424413309976;0;0
8.225421e-05;-0.500000000005;-0.576363484194;0.583520356967;0.0129190231945;0;0.495597356571;0.414883164632;0.505400398839;0.423199417877;0;0
8.2373419e-05;-0.499999999999;-0.572933640485;0.580057313376;0.0129377422398;0;0.497770870159;0.413723577714;0.507614661872;0.422011538962;0;0
8.2492628e-05;-0.5;-0.569524179293;0.576614849919;0.0129564612669;0;0.499890838391;0.412590503339;0.509784011954;0.420860444092;0;0
8.2611837e-05;-0.500000000001;-0.566134979805;0.573192843953;0.0129751802758;0;0.501957905945;0.411483424063;0.511892349493;0.419728833981;0;0
8.2731046e-05;-0.5;-0.562765921288;0.569791174238;0.0129938992666;0;0.503972782146;0.410401900885;0.513974431588;0.418650306346;0;0
8.2850255e-05;-0.5;-0.559416884375;0.566409719588;0.0130126182391;0;0.505936021003;0.409345353132;0.515960365941;0.417553800408;0;0
8.2969464e-05;-0.5;-0.556087749758;0.563048360204;0.0130313371934;0;0.507848224707;0.408313261816;0.517927119959;0.416515149079;0;0
8.3088673e-05;-0.5;-0.552778399485;0.559706976331;0.0130500561294;0;0.509709953868;0.407305079732;0.519798959508;0.41545747966;0;0
8.3207882e-05;-0.5;-0.549488715662;0.556385449594;0.0130687750471;0;0.511521764069;0.406320267859;0.521643321902;0.414447119866;0;0
8.3327091e-05;-0.5;-0.546218581738;0.553083661652;0.0130874939465;0;0.513284326007;0.40535841537;0.52343568359;0.413458436449;0;0
8.34463e-05;-0.5;-0.542967881211;0.549801495539;0.0131062128275;0;0.514998213037;0.404419027033;0.525173637705;0.41248793764;0;0
8.3565509e-05;-0.5;-0.539736498915;0.54653883431;0.0131249316901;0;0.516664109669;0.403501731569;0.526892518635;0.411569876003;0;0
8.3684718e-05;-0.5;-0.536524319726;0.54329556239;0.0131436505344;0;0.518282687133;0.402606157082;0.528560767244;0.410671632125;0;0
8.3803927e-05;-0.5;-0.533331229845;0.540071564217;0.0131623693602;0;0.519854544668;0.401731872211;0.530189035736;0.409802803139;0;0
8.3923136e-05;-0.5;-0.530157115509;0.536866725588;0.0131810881675;0;0.52138008927;0.40087826574;0.531717979873;0.408903008889;0;0
8.4042345e-05;-0.5;-0.527001864273;0.533680932306;0.0131998069563;0;0.522859786784;0.400044797568;0.533217877983;0.408041498799;0;0
8.4161554e-05;-0.5;-0.523865363716;0.530514071528;0.0132185257267;0;0.524294338867;0.399231175531;0.534694586365;0.407223117574;0;0
8.4280763e-05;-0.5;-0.520747502729;0.527366030404;0.0132372444785;0;0.525684290089;0.39843696238;0.536102748693;0.40640150493;0;0
8.4399972e-05;-0.5;-0.517648170221;0.524236697431;0.0132559632117;0;0.527030166164;0.397661713879;0.537479326675;0.405612634854;0;0
8.4519181e-05;-0.5;-0.514567256403;0.521125961096;0.0132746819263;0;0.528332501136;0.396905005862;0.53879686971;0.40482807742;0;0
8.463839e-05;-0.5;-0.511504651498;0.51803371122;0.0132934006223;0;0.529591911599;0.396166508334;0.540104507112;0.404095997663;0;0
8.4757599e-05;-0.5;-0.50846024702;0.514959837605;0.0133121192997;0;0.530809054106;0.395445942746;0.541373002022;0.403386203349;0;0
8.4876808e-05;-0.5;-0.505433934488;0.511904231384;0.0133308379584;0;0.53198430382;0.394742760528;0.5425533403;0.402648738748;0;0
8.4996017e-05;-0.5;-0.502425606708;0.508866783661;0.0133495565984;0;0.533118025145;0.394056413595;0.543687506006;0.401924656111;0;0
8.5115226e-05;-0.5;-0.499435156479;0.505847386861;0.0133682752197;0;0.534210761226;0.393386543729;0.544790071825;0.401227609313;0;0
8.5234435e-05;-0.5;-0.496462477882;0.502845933377;0.0133869938222;0;0.535263228878;0.392732977388;0.545898463211;0.400594114794;0;0
8.5353644e-05;-0.5;-0.493507464983;0.499862316911;0.013405712406;0;0.536275874517;0.392095281512;0.546908580186;0.399919175516;0;0
8.5472853e-05;-0.5;-0.490570013121;0.496896431128;0.0134244309709;0;0.537249181718;0.391473070971;0.547923708511;0.399305190699;0;0
8.5592062e-05;-0.5;-0.487650017613;0.493948170994;0.013443149517;0;0.538183733491;0.390866070721;0.548883339711;0.398690776657;0;0
8.5711271e-05;-0.5;-0.484747375043;0.491017431428;0.0134618680443;0;0.539079918686;0.390273822091;0.549789458491;0.398077052965;0;0
8.583048e-05;-0.5;-0.481861981965;0.488104108647;0.0134805865527;0;0.539938211147;0.389695961826;0.550665772073;0.39748687318;0;0
8.5949689e-05;-0.5;-0.478993736191;0.485208098812;0.0134993050422;0;0.540759190516;0.389132242784;0.551522896804;0.396930009806;0;0
8.6068898e-05;-0.5;-0.476142535498;0.482329299371;0.0135180235127;0;0.541543230124;0.388582221702;0.552297378792;0.396342175817;0;0
8.6188107e-05;-0.5;-0.473308278912;0.479467607711;0.0135367419643;0;0.542290850469;0.388045612573;0.553087022906;0.395820353313;0;0
8.6307316e-05;-0.5;-0.470490865419;0.476622922503;0.0135554603969;0;0.543002610209;0.387522177528;0.553819277752;0.395291178141;0;0
8.6426525e-05;-0.5;-0.467690195245;0.473795142344;0.0135741788105;0;0.543678738115;0.387011358676;0.55446925415;0.394728958214;0;0
8.6545734e-05;-0.5;-0.464906168568;0.470984167109;0.013592897205;0;0.544319729251;0.386512874182;0.555133497824;0.394229447081;0;0
8.6664943e-05;-0.5;-0.462138686801;0.468189896594;0.0136116155805;0;0.54492613126;0.386026504445;0.555744428219;0.393724280981;0;0
8.6784152e-05;-0.5;-0.459387651301;0.465412231864;0.0136303339369;0;0.545498388653;0.385551936281;0.556335010845;0.393245652576;0;0
8.6903361e-05;-0.5;-0.456652964653;0.462651073898;0.0136490522742;0;0.54603696608;0.385088886089;0.556884115008;0.392771667545;0;0
8.702257e-05;-0.5;-0.453934529379;0.459906324937;0.0136677705923;0;0.546542376129;0.38463712755;0.557425469676;0.392335301152;0;0
8.7141779e-05;-0.5;-0.451232249223;0.457177887132;0.0136864888913;0;0.547014933406;0.384196245599;0.557877506152;0.391854239826;0;0
8.7260988e-05;-0.5;-0.448546027857;0.454465663883;0.013705207171;0;0.547455067573;0.383765949368;0.55834480216;0.391432326584;0;0
8.7380197e-05;-0.5;-0.44587577017;0.451769558498;0.0137239254316;0;0.547863326977;0.383346075713;0.558770722821;0.391012200334;0;0
8.7499406e-05;-0.5;-0.443221380972;0.449089475528;0.0137426436729;0;0.548240056464;0.382936266929;0.559151063997;0.390588940144;0;0
8.7618615e-05;-0.5;-0.440582766283;0.446425319419;0.0137613618949;0;0.548585626118;0.382536199387;0.559498267587;0.390174280113;0;0
8.7737824e-05;-0.5;-0.437959832037;0.443776995858;0.0137800800976;0;0.548900538674;0.382145690858;0.559839777159;0.389794965075;0;0
8.7857033e-05;-0.5;-0.435352485371;0.441144410421;0.013798798281;0;0.549185143601;0.381764414494;0.560111697844;0.389386409817;0;0
8.7976242e-05;-0.5;-0.432760633331;0.438527469916;0.0138175164451;0;0.549439755683;0.381392017312;0.560362078649;0.388995982233;0;0
8.8095451e-05;-0.5;-0.430184184157;0.435926081034;0.0138362345897;0;0.549664957912;0.381028423;0.560624369616;0.388656459768;0;0
8.821466e-05;-0.5;-0.427623045993;0.433340151691;0.013854952715;0;0.549861047724;0.380673278056;0.560793240533;0.388261847656;0;0
8.8333869e-05;-0.5;-0.425077128171;0.430769589679;0.0138736708208;0;0.550028374922;0.380326289615;0.560976660014;0.387919459191;0;0
8.8453078e-05;-0.5;-0.422546339919;0.428214304009;0.0138923889072;0;0.550167488906;0.379987372596;0.561136997515;0.38759101632;0;0
8.8572287e-05;-0.5;-0.420030591647;0.425674203564;0.013911106974;0;0.55027876023;0.379656271159;0.561260140836;0.387261767655;0;0
8.8691496e-05;-0.5;-0.417529793657;0.423149198436;0.0139298250214;0;0.550362418779;0.379332596803;0.561321587093;0.386906579271;0;0
8.8810705e-05;-0.5;-0.415043857421;0.420639198583;0.0139485430492;0;0.550418743971;0.379016018467;0.561357832638;0.386561324769;0;0
8.8929914e-05;-0.5;-0.412572694301;0.418144115167;0.0139672610575;0;0.550448231862;0.378706429562;0.561398109314;0.386254621227;0;0
8.9049123e-05;-0.5;-0.410116216825;0.41566385921;0.0139859790462;0;0.550451388049;0.378403740776;0.561421538714;0.385964983146;0;0
8.9168332e-05;-0.5;-0.407674337398;0.413198342929;0.0140046970152;0;0.550428453781;0.3781076061;0.561375786514;0.385639476809;0;0
8.9287541e-05;-0.5;-0.405246969589;0.410747478397;0.0140234149647;0;0.550379736165;0.377817752957;0.561326097188;0.385342755473;0;0
8.940675e-05;-0.5;-0.40283402684;0.408311178876;0.0140421328944;0;0.550305657322;0.377534031263;0.561248734544;0.385050499028;0;0
8.9525959e-05;-0.5;-0.400435423744;0.405889357475;0.0140608508045;0;0.550206721516;0.377256380484;0.561188788468;0.38480722125;0;0
8.9645168e-05;-0.5;-0.398051074767;0.403481928491;0.0140795686948;0;0.550083283233;0.37698459762;0.561067776384;0.384533870444;0;0
8.9764377e-05;-0.5;-0.395680895519;0.401088806057;0.0140982865654;0;0.549935534373;0.37671832433;0.560911225741;0.384255412722;0;0
8.9883586e-05;-0.5;-0.393324801473;0.398709905488;0.0141170044162;0;0.549763774355;0.37645731694;0.560727738704;0.383979896159;0;0
9.0002795e-05;-0.5;-0.390982709245;0.396345141932;0.0141357222472;0;0.54956829082;0.37620132708;0.560508133301;0.383697591834;0;0
9.0122004e-05;-0.5;-0.388654535305;0.393994431713;0.0141544400584;0;0.549349560403;0.37595030237;0.560313826442;0.383469377136;0;0
9.0241213e-05;-0.5;-0.386340197261;0.391657690979;0.0141731578497;0;0.54910801867;0.375704156281;0.56008183474;0.383231735711;0;0
9.0360422e-05;-0.5;-0.38403961257;0.389334837048;0.0141918756212;0;0.548843741698;0.375462449633;0.559770213608;0.382942197077;0;0
9.0479631e-05;-0.5;-0.381752699819;0.387025787061;0.0142105933728;0;0.548557061677;0.375225006127;0.559486962566;0.382708242356;0;0
9.059884e-05;0.0432487017455;0.158283490488;-0.160739235173;0.0142293111044;0;0.54683490899;0.375586291591;0.557861421154;0.383076099374;0;0
9.0718049e-05;0.650990414679;0.75897748217;-0.770053058565;0.014248028816;0;0.543709169447;0.378804253133;0.554650876202;0.386173049172;0;0
9.0837258e-05;0.500174634407;0.60517529082;-0.61405207381;0.0142667465077;0;0.540631241245;0.383670368828;0.551487019751;0.391148653967;0;0
9.0956467e-05;0.455800367914;0.557634996049;-0.565836152916;0.0142854641794;0;0.537604093876;0.387719314809;0.548401995313;0.39530400676;0;0
9.1075676e-05;0.538901428779;0.636587007607;-0.645933217504;0.014304181831;0;0.53462481693;0.391838252285;0.545354019476;0.399473220367;0;0
9.1194885e-05;0.478610410405;0.573113698701;-0.581553392216;0.0143228994626;0;0.531693558548;0.395966532652;0.542376630239;0.403717445056;0;0
9.1314094e-05;0.507502258394;0.598303671981;-0.607115279353;0.0143416170741;0;0.528809582204;0.399900885399;0.53946457242;0.407755888166;0;0
9.1433303e-05;0.499627991294;0.58694922651;-0.595605203955;0.0143603346655;0;0.525971807917;0.403839954174;0.53653018627;0.411738617082;0;0
9.1552512e-05;0.498139345349;0.581982363392;-0.590574874609;0.0143790522367;0;0.523179723705;0.407669752474;0.533717307416;0.415684403122;0;0
9.1671721e-05;0.50174828222;0.582091849612;-0.590694406138;0.0143977697877;0;0.5204326637;0.411434774217;0.530926803443;0.419538003238;0;0
9.179093e-05;0.499002044561;0.575909424341;-0.584430745425;0.0144164873186;0;0.517729766837;0.415130842163;0.528148638419;0.423291042055;0;0
9.1910139e-05;0.500369485814;0.573835872395;-0.582335547285;0.0144352048293;0;0.515070250259;0.418750264257;0.525422300124;0.426971794743;0;0
9.2029348e-05;0.499965494208;0.570021178964;-0.578473858442;0.0144539223197;0;0.512453526666;0.422302814138;0.522762610314;0.430608162306;0;0
9.2148557e-05;0.499922625878;0.566586570231;-0.574997729151;0.0144726397898;0;0.509879035264;0.425784082812;0.520156780853;0.434182163541;0;0
9.2267766e-05;0.500078254233;0.56336888892;-0.571741640651;0.0144913572396;0;0.507345957064;0.429196850594;0.517544831748;0.437638111684;0;0
9.2386975e-05;0.499953606864;0.559892884186;-0.568223407971;0.0145100746691;0;0.504853498544;0.432541468407;0.514980287215;0.441030314704;0;0
9.2506184e-05;0.500018057763;0.556624716789;-0.564915997955;0.0145287920783;0;0.50240113609;0.435818511832;0.512487307777;0.444384391791;0;0
9.2625393e-05;0.499997619445;0.553291946568;-0.56154298976;0.0145475094671;0;0.499988408876;0.439029339481;0.510058643339;0.447694607061;0;0
9.2744602e-05;0.499996830275;0.549998429276;-0.55820975786;0.0145662268354;0;0.497614568223;0.442174365192;0.50761824621;0.450886438888;0;0
9.2863811e-05;0.500003487861;0.54673185673;-0.554903815322;0.0145849441834;0;0.495278819205;0.445254290374;0.505216189459;0.454011167663;0;0
9.298302e-05;0.499997850856;0.54347252683;-0.551605170277;0.0146036615109;0;0.492980581896;0.448269894222;0.502863927131;0.457081920682;0;0
9.3102229e-05;0.500000876553;0.540241140578;-0.548334828927;0.0146223788179;0;0.490719347788;0.451222016594;0.500567748353;0.46010611244;0;0
9.3221438e-05;0.499999854441;0.537024951372;-0.545079856808;0.0146410961044;0;0.488494589247;0.454111493784;0.498313718987;0.463071416758;0;0
9.3340647e-05;0.499999872578;0.533828904503;-0.541845272985;0.0146598133703;0;0.486305665059;0.456939004339;0.496079608179;0.465956762351;0;0
9.3459856e-05;0.500000154756;0.530652112479;-0.538630176551;0.0146785306157;0;0.484151968328;0.459705262268;0.493890845942;0.468789088976;0;0
9.3579065e-05;0.499999900787;0.527493668459;-0.535433648224;0.0146972478405;0;0.482032953669;0.462411022069;0.491738822463;0.471560972062;0;0
9.3698274e-05;0.500000042291;0.524354385841;-0.532256513081;0.0147159650447;0;0.479947950647;0.465056898828;0.489593561512;0.474243869932;0;0
9.3817483e-05;0.499999991672;0.521233568857;-0.529098066018;0.0147346822283;0;0.47789632565;0.467643531023;0.487487948423;0.47687185844;0;0
9.3936692e-05;0.499999995003;0.518131351631;-0.525958442794;0.0147533993912;0;0.475877576636;0.470171672846;0.485426126374;0.479450456241;0;0
9.4055901e-05;0.500000006833;0.515047578334;-0.522837486235;0.0147721165334;0;0.473891246204;0.472642109466;0.48341372765;0.481986481517;0;0
9.417511e-05;0.499999995436;0.511982108272;-0.519735053202;0.0147908336549;0;0.471936667463;0.475055402009;0.481385431467;0.484415937847;0;0
9.4294319e-05;0.500000002029;0.508934873152;-0.516651075353;0.0148095507556;0;0.470013290413;0.477412214403;0.479427044558;0.486825808169;0;0
9.4413528e-05;0.499999999543;0.505905738134;-0.513585415488;0.0148282678356;0;0.468120734039;0.479713365644;0.477507060833;0.489185865122;0;0
9.4532737e-05;0.499999999811;0.502894607046;-0.510537976969;0.0148469848948;0;0.466258533055;0.481959576572;0.475627154119;0.491498945259;0;0
9.4651946e-05;0.5000000003;0.49990137071;-0.507508648632;0.0148657019331;0;0.46442603042;0.484151362631;0.473730404336;0.493709366184;0;0
9.4771155e-05;0.499999999791;0.496925921255;-0.504497321963;0.0148844189506;0;0.462622651954;0.486289308568;0.471886057798;0.495887520494;0;0
9.4890364e-05;0.500000000097;0.493968155091;-0.50150389147;0.0149031359472;0;0.460848137286;0.488374299542;0.470116859181;0.498057353121;0;0
9.5009573e-05;0.499999999976;0.491027965584;-0.498528249887;0.0149218529229;0;0.459101949519;0.490406930934;0.468324690975;0.500121874356;0;0
9.5128782e-05;0.499999999993;0.488105249157;-0.495570291733;0.0149405698777;0;0.457383379396;0.492387612644;0.466544977789;0.502117674642;0;0
9.5247991e-05;0.500000000013;0.485199901522;-0.492629912117;0.0149592868116;0;0.455691959177;0.49431698311;0.464809936201;0.504078078205;0;0
9.53672e-05;0.49999999999;0.482311819732;-0.489707006196;0.0149780037244;0;0.454027429121;0.496195875917;0.463145861497;0.506030514068;0;0
9.5486409e-05;0.500000000005;0.479440900942;-0.486801470541;0.0149967206163;0;0.452389277286;0.498024859743;0.461458302726;0.507881617969;0;0
9.5605618e-05;0.499999999999;0.476587043418;-0.483913201535;0.0150154374871;0;0.450776926805;0.499804425762;0.459809110976;0.509694344546;0;0
9.5724827e-05;0.5;0.473750145479;-0.481042096928;0.0150341543368;0;0.449190068381;0.501535320274;0.458214934951;0.511486407354;0;0
9.5844036e-05;0.500000000001;0.470930106648;-0.478188054374;0.0150528711655;0;0.44762828685;0.503218171396;0.456629879;0.513212985817;0;0
9.5963245e-05;0.5;0.468126826417;-0.475350972811;0.015071587973;0;0.446091023653;0.504853451665;0.455052134417;0.514873314019;0;0
9.6082454e-05;0.5;0.465340205516;-0.472530751113;0.0150903047595;0;0.444577737335;0.506441638667;0.453485231708;0.516471970224;0;0
9.6201663e-05;0.5;0.462570144622;-0.469727289419;0.0151090215247;0;0.443088077968;0.507983389583;0.451975976747;0.518056780749;0;0
9.6320872e-05;0.5;0.459816545643;-0.466940487794;0.0151277382688;0;0.441621734324;0.50947938849;0.450491848757;0.519596246483;0;0
9.6440081e-05;0.5;0.45707931043;-0.464170247567;0.0151464549916;0;0.440178140555;0.510930053163;0.448989111954;0.521047629948;0;0
9.655929e-05;0.5;0.454358342057;-0.461416469982;0.0151651716932;0;0.438756886608;0.512335945619;0.447546016175;0.522490177301;0;0
9.6678499e-05;0.5;0.451653543536;-0.458679057543;0.0151838883735;0;0.437357725613;0.51369777962;0.446136721252;0.523899024464;0;0
9.6797708e-05;0.5;0.448964819091;-0.455957912658;0.0152026050326;0;0.435980237878;0.515016084793;0.444734298269;0.525248214696;0;0
9.6916917e-05;0.5;0.446292072882;-0.453252938991;0.0152213216703;0;0.434624013188;0.516291389048;0.443362501865;0.526562456652;0;0
9.7036126e-05;0.5;0.443635210271;-0.450564040104;0.0152400382866;0;0.433288579326;0.517524147218;0.441981278927;0.527802645854;0;0
9.7155335e-05;0.5;0.440994136547;-0.447891120804;0.0152587548816;0;0.431973414574;0.518714753676;0.440609578648;0.528988663782;0;0
9.7274544e-05;0.5;0.438368758201;-0.445234085794;0.0152774714552;0;0.430678358812;0.519863953548;0.439327648771;0.530201683676;0;0
9.7393753e-05;0.5;0.435758981641;-0.442592841013;0.0152961880074;0;0.429403038945;0.520972268261;0.438005230188;0.531312357576;0;0
9.7512962e-05;0.5;0.433164714466;-0.439967292288;0.0153149045381;0;0.428147022566;0.522040149312;0.436737528898;0.532416794678;0;0
9.7632171e-05;0.5;0.430585864191;-0.437357346677;0.0153336210473;0;0.426909966629;0.523068127062;0.435463747815;0.533455087796;0;0
9.775138e-05;0.5;0.428022339515;-0.434762911119;0.015352337535;0;0.42569142371;0.524056617102;0.434206205842;0.534450437493;0;0
9.7870589e-05;0.5;0.425474049045;-0.432183893777;0.0153710540012;0;0.424491180602;0.525006258961;0.433007470999;0.535446280696;0;0
9.7989798e-05;0.5;0.422940902565;-0.429620202691;0.0153897704458;0;0.42330881644;0.525917474341;0.431771605451;0.536347540353;0;0
9.8109007e-05;0.5;0.42042280976;-0.427071747114;0.0154084868689;0;0.422144070986;0.526790835509;0.430624240885;0.537280696467;0;0
9.8228216e-05;0.5;0.417919681489;-0.424538436171;0.0154272032703;0;0.420996622854;0.52762684363;0.42943712828;0.538118340249;0;0
9.8347425e-05;0.5;0.415431428503;-0.422020180197;0.0154459196501;0;0.419865994842;0.528425834205;0.428277444903;0.538928477407;0;0
9.8466634e-05;0.5;0.41295796272;-0.419516889389;0.0154646360082;0;0.418751963893;0.529188387139;0.42715411621;0.539720853136;0;0
9.8585843e-05;0.5;0.410499195946;-0.417028475148;0.0154833523447;0;0.41765414729;0.529914913034;0.426013796144;0.540442930491;0;0
9.8705052e-05;0.5;0.408055041146;-0.41455484873;0.0155020686594;0;0.416572217596;0.53060586824;0.424916187661;0.541155212352;0;0
9.8824261e-05;0.5;0.405625411168;-0.412095922592;0.0155207849524;0;0.415505987104;0.531261839399;0.423845662008;0.54184285973;0;0
9.894347e-05;0.5;0.403210220011;-0.409651609038;0.0155395012236;0;0.414455000033;0.531883135751;0.42274065028;0.542445084728;0;0
9.9062679e-05;0.5;0.400809381553;-0.407221821564;0.015558217473;0;0.413419048991;0.532470305689;0.421720949834;0.543082455238;0;0
9.9181888e-05;0.5;0.398422810815;-0.404806473511;0.0155769337006;0;0.412397874032;0.533023835917;0.420665987079;0.543635160033;0;0
9.9301097e-05;0.5;0.396050422693;-0.402405479404;0.0155956499063;0;0.411391117967;0.533544106863;0.419652564591;0.544180753863;0;0
9.9420306e-05;0.5;0.393692133218;-0.400018753605;0.0156143660902;0;0.410398499273;0.534031565681;0.418632565378;0.544671863511;0;0
9.9539515e-05;0.5;0.39134785829;-0.397646211658;0.0156330822522;0;0.409419530497;0.534486444753;0.417589721444;0.545092955322;0;0
9.9658724e-05;0.5;0.38901751494;-0.395287768937;0.0156517983922;0;0.408454055027;0.534909298552;0.416626951651;0.545547673508;0;0
9.9777933e-05;0.5;0.386701020061;-0.392943341987;0.0156705145103;0;0.407501964352;0.535300721;0.415666210565;0.545958689435;0;0
9.9897142e-05;0.5;0.38439829167;-0.390612847183;0.0156892306065;0;0.406562909844;0.535661057339;0.414708332657;0.546327545631;0;0
0.000100016351;0.5;0.382109247641;-0.388296202063;0.0157079466806;0;0.405636595797;0.535990697271;0.413765330412;0.546666953771;0;0
0.00010013556;0.5;0.379833806968;-0.385993323989;0.0157266627327;0;0.404722711719;0.536290007328;0.412820988116;0.546961389039;0;0
0.000100254769;0.5;0.377571888493;-0.383704131481;0.0157453787627;0;0.403821029536;0.536559428179;0.411910391806;0.547246619613;0;0
0.000100373978;0.5;0.375323412174;-0.381428542874;0.0157640947706;0;0.402931323285;0.536799394405;0.411001988863;0.547491766982;0;0
0.000100493187;0.5;0.37308829781;-0.379166477659;0.0157828107565;0;0.402053216976;0.537010182452;0.410080623687;0.547682341223;0;0
0.000100612396;0.5;0.370866466312;-0.376917855135;0.0158015267202;0;0.401186540404;0.53719226653;0.409214237286;0.547886940673;0;0
0.000100731605;0.5;0.368657838426;-0.37468259575;0.0158202426617;0;0.400331179949;0.537346169501;0.408357716194;0.548061101371;0;0
0.000100850814;0.5;0.366462336005;-0.372460619756;0.015838958581;0;0.399486737447;0.537472121837;0.407471063593;0.54816546806;0;0
0.000100970023;0.5;0.364279880729;-0.370251848548;0.0158576744782;0;0.398652951576;0.537570483089;0.406624965807;0.548271360282;0;0
0.000101089232;0.5;0.362110395379;-0.368056203318;0.015876390353;0;0.397829746111;0.537641790223;0.40580705694;0.548367037853;0;0
0.000101208441;0.5;0.359953802563;-0.365873606398;0.0158951062057;0;0.397016786124;0.537686313913;0.40495597095;0.548391752801;0;0
0.00010132765;0.5;0.357810025979;-0.363703979909;0.015913822036;0;0.396213882674;0.537704463306;0.404163708658;0.548438115897;0;0
0.000101446859;0.5;0.355678989148;-0.361547247106;0.015932537844;0;0.395420736472;0.53769652977;0.403318376907;0.548394836987;0;0
0.000101566068;0.5;0.353560616677;-0.359403331032;0.0159512536297;0;0.394637178189;0.537662927284;0.402551754573;0.548394289678;0;0
0.000101685277;0.5;0.351454832989;-0.357272155853;0.015969969393;0;0.393863057986;0.537604082046;0.40175294627;0.548326166672;0;0
0.000101804486;0.5;0.349361563588;-0.35515364552;0.0159886851338;0;0.393097991215;0.53752017826;0.400953033962;0.548222130246;0;0
0.000101923695;0.5;0.347280733789;-0.353047725103;0.0160074008523;0;0.392341919504;0.53741171929;0.400212813155;0.548143548833;0;0
0.000102042904;0.5;0.345212269983;-0.35095431945;0.0160261165483;0;0.391594517014;0.537278934003;0.399404793874;0.547963498867;0;0
0.000102162113;0.5;0.343156098365;-0.348873354522;0.0160448322219;0;0.390855555237;0.537122141636;0.398665413552;0.547818976182;0;0
0.000102281322;0.5;0.341112146203;-0.346804756053;0.0160635478729;0;0.390125067394;0.53694191628;0.397946157316;0.547662017928;0;0
0.000102400531;0.5;0.339080340563;-0.344748450887;0.0160822635014;0;0.389402769953;0.536738508462;0.397201589856;0.547447733852;0;0
0.00010251974;0.5;0.337060609578;-0.342704365634;0.0161009791073;0;0.388688292157;0.536512074759;0.396446006065;0.547190956846;0;0
0.000102638949;0.5;0.335052881175;-0.340672428009;0.0161196946907;0;0.387981563237;0.536263065078;0.395747726035;0.546960538015;0;0
0.000102758158;0.5;0.333057084343;-0.338652565486;0.0161384102515;0;0.387282406565;0.535991816881;0.395017102611;0.546667355048;0;0
0.000102877367;0.5;0.331073147858;-0.336644706641;0.0161571257896;0;0.386590596907;0.535698612517;0.394317843462;0.546375633283;0;0
0.000102996576;0.5;0.329101001555;-0.334648779805;0.016175841305;0;0.385906092367;0.535383911229;0.393643443214;0.546079378693;0;0
0.000103115785;0.5;0.32714057505;-0.332664714403;0.0161945567978;0;0.385228557802;0.535047872651;0.392918188066;0.545703382558;0;0
0.000103234994;0.5;0.325191799013;-0.330692439612;0.0162132722679;0;0.384557742276;0.534690734321;0.392229816218;0.545335881179;0;0
0.000103354203;0.5;0.323254603891;-0.328731885697;0.0162319877152;0;0.383893567055;0.534312899751;0.391547779107;0.54494681814;0;0
0.000103473412;0.5;0.321328921179;-0.326782982671;0.0162507031397;0;0.383235956485;0.533914769376;0.390898648058;0.544563250432;0;0
0.000103592621;0.5;0.319414682144;-0.324845661628;0.0162694185415;0;0.38258469953;0.533496602155;0.390221161458;0.544124396199;0;0
0.00010371183;0.5;0.317511819097;-0.322919853406;0.0162881339204;0;0.381939598097;0.533058663966;0.389571163392;0.543686572731;0;0
0.000103831039;0.5;0.315620264117;-0.321005489922;0.0163068492765;0;0.381300617062;0.532601377699;0.388943541237;0.543245134742;0;0
0.000103950248;0.5;0.313739950318;-0.319102502829;0.0163255646098;0;0.380667574147;0.532125013199;0.388301554538;0.542763803215;0;0
0.000104069457;0.5;0.311870810582;-0.317210824853;0.0163442799201;0;0.380040182678;0.531629730089;0.38764752449;0.5422453547;0;0
0.000104188666;0.5;0.310012778819;-0.315330388453;0.0163629952075;0;0.37941829646;0.531115822709;0.387016723299;0.54172551077;0;0
0.000104307875;0.5;0.308165788703;-0.313461127158;0.016381710472;0;0.378801701773;0.530583512178;0.386358848597;0.541154412904;0;0
0.000104427084;0.5;0.306329774931;-0.311602974222;0.0164004257134;0;0.378190329935;0.530033159018;0.385756495086;0.540615093446;0;0
0.000104546293;0.5;0.304504671958;-0.309755863967;0.0164191409319;0;0.377584060587;0.529465066502;0.385122588058;0.540020910232;0;0
0.000104665502;0.5;0.30269041526;-0.307919730433;0.0164378561274;0;0.37698268583;0.528879444857;0.384508157464;0.539423319658;0;0
0.000104784711;0.5;0.300886940065;-0.306094508724;0.0164565712997;0;0.376386138782;0.528276639879;0.383906320102;0.538815859611;0;0
0.00010490392;0.5;0.299094182616;-0.304280133658;0.0164752864491;0;0.375794358564;0.527656997978;0.383323936244;0.538205805908;0;0
0.000105023129;0.5;0.297312078905;-0.302476541112;0.0164940015753;0;0.375207091189;0.527020667131;0.382701237418;0.537533800415;0;0
0.000105142338;0.5;0.295540565935;-0.300683666673;0.0165127166783;0;0.374624233575;0.526367940954;0.382130666296;0.536892690251;0;0
0.000105261547;0.5;0.293779580453;-0.298901446981;0.0165314317582;0;0.374045709768;0.525699134983;0.381538177046;0.536208829284;0;0
0.000105380756;0.5;0.292029060213;-0.297129818383;0.016550146815;0;0.373471168329;0.52501428412;0.380911973287;0.535470815368;0;0
0.000105499965;0.5;0.290288942705;-0.295368718273;0.0165688618485;0;0.372900639216;0.524313799572;0.380365755537;0.534792737632;0;0
0.000105619174;0.5;0.288559166426;-0.29361808375;0.0165875768588;0;0.372334050841;0.523597985965;0.379771883767;0.534047340348;0;0
0.000105738383;0.5;0.286839669605;-0.291877852952;0.0166062918458;0;0.37177119074;0.522867002074;0.37920231155;0.533306955626;0;0
0.000105857592;0.5;0.285130391468;-0.290147963719;0.0166250068095;0;0.371212077773;0.522121233073;0.378656757064;0.532571675411;0;0
0.000105976801;0.5;0.283431270974;-0.288428354928;0.0166437217499;0;0.370656492633;0.521360821107;0.378069532551;0.531776180966;0;0
0.00010609601;0.5;0.281742248073;-0.286718965151;0.0166624366669;0;0.37010424829;0.520585935783;0.377505811228;0.530986009178;0;0
0.000106215219;0.5;0.280063262444;-0.285019733993;0.0166811515606;0;0.369555262013;0.519796846252;0.376936429244;0.530172355332;0;0
0.000106334428;0.5;0.278394254752;-0.28333060075;0.0166998664309;0;0.369009410981;0.518993776873;0.376375101748;0.529349288771;0;0
0.000106453637;0.5;0.276735165385;-0.281651505747;0.0167185812778;0;0.368466742095;0.518177117074;0.375855660873;0.528550991009;0;0
0.000106572846;0.5;0.275085935718;-0.279982388995;0.0167372961012;0;0.36792702574;0.517346975174;0.375272217657;0.527671918242;0;0
0.000106692055;0.5;0.273446506841;-0.278323191529;0.0167560109011;0;0.367390168284;0.516503590927;0.37475350976;0.526841147867;0;0
0.000106811264;0.5;0.271816820825;-0.276673854069;0.0167747256776;0;0.366856131281;0.51564725478;0.374201646364;0.525961124979;0;0
0.000106930473;0.5;0.270196819457;-0.275034318352;0.0167934404305;0;0.366324768581;0.514778145035;0.373671870276;0.52508742325;0;0
0.000107049682;0.5;0.268586445499;-0.273404525796;0.0168121551599;0;0.365795872536;0.513896374103;0.373098297312;0.524154485283;0;0
0.000107168891;0.5;0.266985641421;-0.271784418833;0.0168308698657;0;0.365269342176;0.513002156733;0.372566786483;0.523248491949;0;0
0.0001072881;0.5;0.265394350668;-0.270173939571;0.0168495845478;0;0.364745247663;0.51209587451;0.372048701449;0.522341124763;0;0
0.000107407309;0.5;0.263812516389;-0.268573031128;0.0168682992064;0;0.364223349629;0.511177595251;0.371483689579;0.521372344719;0;0
0.000107526518;0.5;0.262240082703;-0.266981636294;0.0168870138413;0;0.363703537621;0.51024751149;0.370958847148;0.520429556967;0;0
0.000107645727;0.5;0.260676993428;-0.265399698865;0.0169057284525;0;0.363185834023;0.50930594445;0.370433949181;0.51947284158;0;0
0.000107764936;0.5;0.25912319335;-0.263827162306;0.0169244430399;0;0.362670105542;0.508353055579;0.369900918264;0.51849442191;0;0
0.000107884145;-0.0432487017455;-0.279449309254;0.283940655133;0.0169431576037;0;0.363195383434;0.506414532049;0.370387161894;0.516599253785;0;0
0.000108003354;-0.650990414679;-0.878601014951;0.893344553718;0.0169618721437;0;0.366982225868;0.503520081428;0.374113512946;0.513671101287;0;0
0.000108122563;-0.500174634407;-0.724291957321;0.73640685456;0.0169805866599;0;0.372384325363;0.500679740714;0.379645043908;0.510758648934;0;0
0.000108241772;-0.455800367914;-0.676103834927;0.68740375943;0.0169993011523;0;0.376974485777;0.497896265111;0.384360169476;0.507930046823;0;0
0.000108360981;-0.538901428779;-0.754239379869;0.766890816616;0.0170180156208;0;0.381626067143;0.495166455779;0.389052965134;0.505115813983;0;0
0.00010848019;-0.478610410405;-0.690148466391;0.701710599046;0.0170367300655;0;0.386279502429;0.49249039481;0.393854517341;0.502420464691;0;0
0.000108599399;-0.507502258394;-0.714603844878;0.726597510908;0.0170554444863;0;0.390734590404;0.489867045077;0.398366487605;0.499715977029;0;0
0.000108718608;-0.499627991294;-0.702568911067;0.714366730489;0.0170741588831;0;0.395187073458;0.487295308502;0.402918477506;0.497098315782;0;0
0.000108837817;-0.498139345349;-0.696916965828;0.708628616829;0.017092873256;0;0.39952484032;0.484774569411;0.40734634154;0.494525694354;0;0
0.000108957026;-0.50174828222;-0.696338543479;0.708051467935;0.017111587605;0;0.403791537838;0.482303802787;0.411686123669;0.491991204328;0;0
0.000109076235;-0.499002044561;-0.689480896259;0.70108666843;0.0171303019299;0;0.40798333501;0.479882232112;0.415969541146;0.489524300551;0;0
0.000109195444;-0.500369485814;-0.686730569424;0.698300063792;0.0171490162308;0;0.412092831639;0.477509049982;0.420160330599;0.487099905478;0;0
0.000109314653;-0.499965494208;-0.682245519573;0.693748680726;0.0171677305077;0;0.416129610914;0.475183434848;0.424284900384;0.484731027754;0;0
0.000109433862;-0.499922625878;-0.678144049672;0.689587444387;0.0171864447604;0;0.420089282019;0.472904580842;0.428322869407;0.482402465768;0;0
0.000109553071;-0.500078254233;-0.674263201577;0.68565058885;0.0172051589891;0;0.423974846364;0.470671745766;0.432308459867;0.480143771003;0;0
0.00010967228;-0.499953606864;-0.670128350301;0.681455255539;0.0172238731937;0;0.427786799239;0.468484100355;0.436186560099;0.477899067681;0;0
0.000109791489;-0.500018057763;-0.666204995874;0.677475024565;0.017242587374;0;0.43152563433;0.466340860716;0.440016402748;0.47572577044;0;0
0.000109910698;-0.499997619445;-0.662221047078;0.673433078964;0.0172613015302;0;0.43519252984;0.464241221029;0.44373900258;0.473563365883;0;0
0.000110029907;-0.499996830275;-0.658280194414;0.669434911558;0.0172800156622;0;0.438787988562;0.462184349119;0.447397252004;0.471452910573;0;0
0.000110149116;-0.500003487861;-0.654370123368;0.665467995128;0.01729872977;0;0.442312973051;0.460169546419;0.45098903851;0.469391032906;0;0
0.000110268325;-0.499997850856;-0.650471135745;0.661512287551;0.0173174438535;0;0.445768352569;0.458196158524;0.454527195651;0.467388623962;0;0
0.000110387534;-0.500000876553;-0.646603881372;0.65758880014;0.0173361579127;0;0.449155053909;0.456263601509;0.458018835719;0.465451593435;0;0
0.000110506743;-0.499999854441;-0.642755608318;0.653684557959;0.0173548719476;0;0.452473690393;0.454370965001;0.461367226313;0.463481360762;0;0
0.000110625952;-0.499999872578;-0.638931232507;0.649804563923;0.0173735859581;0;0.455725018727;0.452517527802;0.464707164643;0.461611469564;0;0
0.000110745161;-0.500000154756;-0.635129845178;0.645947893138;0.0173922999443;0;0.458909979805;0.45070275407;0.467970745251;0.459772286856;0;0
0.00011086437;-0.499999900787;-0.631350518388;0.642113602442;0.0174110139061;0;0.462029124419;0.44892574081;0.47111560065;0.457920154176;0;0
0.000110983579;-0.500000042291;-0.627594042208;0.63830249552;0.0174297278435;0;0.465083226687;0.447185824736;0.474242973722;0.4561546801;0;0
0.000111102788;-0.499999991672;-0.623859699745;0.634513843946;0.0174484417564;0;0.468073220268;0.445482517535;0.477311487639;0.454433183447;0;0
0.000111221997;-0.499999995003;-0.620147602989;0.630747761424;0.0174671556448;0;0.470999825709;0.443815135581;0.480302887309;0.452735848579;0;0
0.000111341206;-0.500000006833;-0.616457574508;0.627004068462;0.0174858695088;0;0.473863599195;0.442182846493;0.483191148128;0.451035345761;0;0
0.000111460415;-0.499999995436;-0.612789452109;0.623282599753;0.0175045833482;0;0.476665249188;0.440584986641;0.486043900404;0.449397808004;0;0
0.000111579624;-0.500000002029;-0.609143146036;0.61958326502;0.0175232971631;0;0.479405666043;0.439021090271;0.488855371883;0.447816164436;0;0
0.000111698833;-0.499999999543;-0.605518500198;0.615905905163;0.0175420109534;0;0.482085694071;0.437490661378;0.491621589527;0.446285000354;0;0
0.000111818042;-0.499999999811;-0.601915397257;0.612250401828;0.0175607247191;0;0.484705910087;0.435992952194;0.494276141242;0.444736616843;0;0
0.000111937251;-0.5000000003;-0.598333706999;0.608616622246;0.0175794384601;0;0.487266851677;0.434527191199;0.496869203582;0.443219798384;0;0
0.00011205646;-0.499999999791;-0.594773300655;0.605004436425;0.0175981521766;0;0.489769402523;0.433092968341;0.499454929944;0.44178742772;0;0
0.000112175669;-0.500000000097;-0.591234053846;0.601413717529;0.0176168658683;0;0.492214317099;0.431689759546;0.501954161496;0.440358998456;0;0
0.000112294878;-0.499999999976;-0.587715839286;0.597844337071;0.0176355795353;0;0.494602047044;0.430316752924;0.504356128226;0.438922488889;0;0
0.000112414087;-0.499999999993;-0.584218532858;0.594296168477;0.0176542931776;0;0.496933431062;0.428973538529;0.506779188387;0.437594950746;0;0
0.000112533296;-0.500000000013;-0.580742009862;0.590769085887;0.0176730067951;0;0.499209255794;0.427659669064;0.509109206608;0.436261018057;0;0
0.000112652505;-0.49999999999;-0.577286147056;0.587262963614;0.0176917203878;0;0.501430001159;0.426374405062;0.511364875603;0.434938114526;0;0
0.000112771714;-0.500000000005;-0.573850821428;0.583777677509;0.0177104339558;0;0.50359631826;0.425117192644;0.513579587504;0.433658424637;0;0
0.000112890923;-0.499999999999;-0.570435911188;0.580313103357;0.0177291474988;0;0.505708777672;0.423887411654;0.515705117662;0.432372489803;0;0
0.000113010132;-0.5;-0.567041294725;0.576869118434;0.0177478610171;0;0.507768144668;0.422684650734;0.51783983955;0.431177499715;0;0
0.000113129341;-0.500000000001;-0.563666851746;0.573445600042;0.0177665745104;0;0.509775071859;0.421508399815;0.519870195678;0.42995869596;0;0
0.00011324855;-0.5;-0.560312462049;0.570042426886;0.0177852879788;0;0.511730082302;0.420358033071;0.521862674654;0.428781407668;0;0
0.000113367759;-0.5;-0.556978006781;0.56665947773;0.0178040014222;0;0.513633806367;0.419233045646;0.523791433252;0.427618622311;0;0
0.000113486968;-0.5;-0.553663367159;0.563296632718;0.0178227148407;0;0.515486920631;0.418132992403;0.525694602818;0.426507336427;0;0
0.000113606177;-0.5;-0.55036842574;0.559953772045;0.0178414282342;0;0.517290130583;0.417057470481;0.527549822862;0.425424050267;0;0
0.000113725386;-0.5;-0.547093065148;0.556630777282;0.0178601416027;0;0.519043892676;0.416005841203;0.529311249069;0.424321809355;0;0
0.000113844595;-0.5;-0.543837169333;0.553327530037;0.0178788549461;0;0.520748878031;0.414977693648;0.531080333647;0.423300955764;0;0
0.000113963804;-0.5;-0.540600622308;0.55004391329;0.0178975682645;0;0.522405653642;0.413972525709;0.532742889349;0.42224621673;0;0
0.000114083013;-0.5;-0.537383309401;0.546779810048;0.0179162815577;0;0.524014820217;0.412989881796;0.534410503031;0.421268096799;0;0
0.000114202222;-0.5;-0.534185115995;0.543535104682;0.0179349948258;0;0.525577070554;0.412029411083;0.536013846988;0.420296207517;0;0
0.000114321431;-0.5;-0.531005928782;0.54030968158;0.0179537080688;0;0.527092856379;0.411090534196;0.537550144584;0.419326716519;0;0
0.00011444064;-0.5;-0.527845634499;0.537103426488;0.0179724212865;0;0.528562708422;0.41017276317;0.53904594549;0.418385137391;0;0
0.000114559849;-0.5;-0.524704121184;0.53391622516;0.0179911344791;0;0.529987134008;0.409275598898;0.540474233334;0.417443424017;0;0
0.000114679058;-0.5;-0.521581276914;0.5307479647;0.0180098476465;0;0.531366873651;0.408398787601;0.541925110985;0.416590667495;0;0
0.000114798267;-0.5;-0.518476991056;0.527598532213;0.0180285607885;0;0.532702486495;0.40754190613;0.543273119408;0.415700404064;0;0
0.000114917476;-0.5;-0.515391153009;0.524467816142;0.0180472739053;0;0.533994437929;0.40670444946;0.544604573487;0.414857960605;0;0
0.000115036685;-0.5;-0.512323653456;0.521355704928;0.0180659869968;0;0.535243219255;0.405885950222;0.545853668876;0.41399655282;0;0
0.000115155894;-0.5;-0.509274383103;0.51826208834;0.0180847000629;0;0.536449326834;0.405085957734;0.547081638961;0.413176449428;0;0
0.000115275103;-0.5;-0.506243233931;0.515186856135;0.0181034131037;0;0.537613432902;0.404304208682;0.548285762218;0.412393973115;0;0
0.000115394312;-0.5;-0.503230097939;0.512129899395;0.0181221261191;0;0.538736043768;0.4035402852;0.549425610625;0.411607753882;0;0
0.000115513521;-0.5;-0.500234868391;0.509091109178;0.0181408391091;0;0.539817692223;0.402793807157;0.550546146551;0.410861821833;0;0
0.00011563273;-0.5;-0.497257438561;0.506070377859;0.0181595520736;0;0.54085887206;0.402064366548;0.551599887926;0.410107775467;0;0
0.000115751939;-0.5;-0.494297702984;0.503067597786;0.0181782650126;0;0.541860092646;0.401351581955;0.552634907234;0.409392777831;0;0
0.000115871148;-0.5;-0.491355556193;0.500082662613;0.0181969779262;0;0.542821865069;0.400655084571;0.553612116174;0.408676843366;0;0
0.000115990357;-0.5;-0.488430893977;0.497115465958;0.0182156908142;0;0.543744561979;0.399974377923;0.554529990217;0.407957560212;0;0
0.000116109566;-0.5;-0.485523612115;0.49416590274;0.0182344036767;0;0.544628801312;0.39930922148;0.555459291204;0.407304815038;0;0
0.000116228775;-0.5;-0.482633607635;0.491233867834;0.0182531165136;0;0.5454751583;0.398659342553;0.55632910839;0.406646831294;0;0
0.000116347984;-0.5;-0.479760777547;0.488319257407;0.018271829325;0;0.546283880166;0.398024150863;0.557113724983;0.405957037959;0;0
0.000116467193;-0.5;-0.476905020103;0.485421967577;0.0182905421106;0;0.547055511075;0.397403363391;0.557918915306;0.405340365419;0;0
0.000116586402;-0.5;-0.47406623353;0.482541895746;0.0183092548707;0;0.547790610787;0.396796722916;0.558659043212;0.40471034394;0;0
0.000116705611;-0.5;-0.47124431729;0.479678939257;0.018327967605;0;0.548489594096;0.396203837341;0.559371423454;0.40410346488;0;0
0.00011682482;-0.5;-0.468439170811;0.476832996733;0.0183466803137;0;0.549153076521;0.395624525275;0.560080703248;0.403543562669;0;0
0.000116944029;-0.5;-0.46565069475;0.474003966731;0.0183653929966;0;0.549781476206;0.395058417825;0.5607136692;0.402956620438;0;0
0.000117063238;-0.5;-0.462878789724;0.471191749076;0.0183841056537;0;0.55037524328;0.394505187851;0.561345067734;0.402416591991;0;0
0.000117182447;-0.5;-0.460123357571;0.468396243524;0.0184028182851;0;0.550934771847;0.393964461842;0.561896435831;0.401844230673;0;0
0.000117301656;-0.5;-0.457384300083;0.465617351094;0.0184215308907;0;0.551460486191;0.393435906024;0.562446534076;0.401317524031;0;0
0.000117420865;-0.5;-0.454661520262;0.462854972724;0.0184402434704;0;0.551952784845;0.392919170321;0.562921635077;0.400761980472;0;0
0.000117540074;-0.5;-0.451954921062;0.460109010608;0.0184589560243;0;0.552411999745;0.392413847405;0.563369783457;0.400224890617;0;0
0.000117659283;-0.5;-0.449264406638;0.457379366856;0.0184776685522;0;0.552838747309;0.39191982368;0.563829016816;0.39974354728;0;0
0.000117778492;-0.5;-0.446589881089;0.454665944826;0.0184963810543;0;0.553233602351;0.391436953081;0.564257118694;0.399274998399;0;0
0.000117897701;-0.5;-0.443931249712;0.451968647782;0.0185150935304;0;0.553596801796;0.390964760702;0.564600470898;0.398764899215;0;0
0.00011801691;-0.5;-0.441288417738;0.449287380232;0.0185338059805;0;0.553928666679;0.390502864688;0.564930592499;0.398284051963;0;0
0.000118136119;-0.5;-0.438661291589;0.446622046582;0.0185525184047;0;0.554229891716;0.390051265713;0.565289461166;0.397873726282;0;0
0.000118255328;-0.5;-0.436049777615;0.443972552476;0.0185712308028;0;0.554500747056;0.389609548632;0.565526397514;0.397382543034;0;0
0.000118374537;-0.5;-0.433453783351;0.441338803449;0.0185899431749;0;0.554741472881;0.389177276983;0.565766322845;0.39693473357;0;0
0.000118493746;-0.5;-0.430873216254;0.438720706266;0.0186086555209;0;0.554952634279;0.38875434777;0.565991042315;0.396511421361;0;0
0.000118612955;-0.5;-0.428307984958;0.436118167579;0.0186273678408;0;0.555134770037;0.388340640161;0.566211430904;0.39612280837;0;0
0.000118732164;-0.5;-0.425757998012;0.433531095262;0.0186460801346;0;0.555288104308;0.387935727053;0.566333784573;0.395674525735;0;0
0.000118851373;-0.5;-0.423223165137;0.430959397067;0.0186647924022;0;0.555412899713;0.387539228095;0.566451969685;0.395259784124;0;0
